:0200000460009A
:100000004643464200000156000000000101020084
:1000100000000000000000000000000000000000E0
:1000200000000000000000000000000000000000D0
:1000300000000000000000000000000000000000C0
:1000400000000000010403000000000000000000A8
:100050000000200000000000000000000000000080
:100060000000000000000000000000000000000090
:100070000000000000000000000000000000000080
:10008000EB04180A063204260000000000000000FD
:10009000050404240000000000000000000000002F
:1000A0000000000000000000000000000000000050
:1000B0000604000000000000000000000000000036
:1000C0000000000000000000000000000000000030
:1000D00020041808000000000000000000000000DC
:1000E0000000000000000000000000000000000010
:1000F0000000000000000000000000000000000000
:1001000000000000000000000000000000000000EF
:100110000204180804200000000000000000000095
:1001200000000000000000000000000000000000CF
:10013000600400000000000000000000000000005B
:1001400000000000000000000000000000000000AF
:10015000000000000000000000000000000000009F
:10016000000000000000000000000000000000008F
:10017000000000000000000000000000000000007F
:10018000000000000000000000000000000000006F
:10019000000000000000000000000000000000005F
:1001A000000000000000000000000000000000004F
:1001B000000000000000000000000000000000003F
:1001C000000100000010000001000000000000001D
:1001D000000000000000000000000000000000001F
:1001E000000000000000000000000000000000000F
:1001F00000000000000000000000000000000000FF
:10020000D4D4D4D4D4D4D4D4D4D4D4D4D4D4D4D4AE
:10021000D4D4D4D4D4D4D4D4D4D4D4D4D4D4D4D49E
:10022000D4D4D4D4D4D4D4D4D4D4D4D4D4D4D4D48E
:10023000D4D4D4D4D4D4D4D4D4D4D4D4D4D4D4D47E
:10024000D4D4D4D4D4D4D4D4D4D4D4D4D4D4D4D46E
:10025000D4D4D4D4D4D4D4D4D4D4D4D4D4D4D4D45E
:10026000D4D4D4D4D4D4D4D4D4D4D4D4D4D4D4D44E
:10027000D4D4D4D4D4D4D4D4D4D4D4D4D4D4D4D43E
:10028000D4D4D4D4D4D4D4D4D4D4D4D4D4D4D4D42E
:10029000D4D4D4D4D4D4D4D4D4D4D4D4D4D4D4D41E
:1002A000D4D4D4D4D4D4D4D4D4D4D4D4D4D4D4D40E
:1002B000D4D4D4D4D4D4D4D4D4D4D4D4D4D4D4D4FE
:1002C000D4D4D4D4D4D4D4D4D4D4D4D4D4D4D4D4EE
:1002D000D4D4D4D4D4D4D4D4D4D4D4D4D4D4D4D4DE
:1002E000D4D4D4D4D4D4D4D4D4D4D4D4D4D4D4D4CE
:1002F000D4D4D4D4D4D4D4D4D4D4D4D4D4D4D4D4BE
:10030000D4D4D4D4D4D4D4D4D4D4D4D4D4D4D4D4AD
:10031000D4D4D4D4D4D4D4D4D4D4D4D4D4D4D4D49D
:10032000D4D4D4D4D4D4D4D4D4D4D4D4D4D4D4D48D
:10033000D4D4D4D4D4D4D4D4D4D4D4D4D4D4D4D47D
:10034000D4D4D4D4D4D4D4D4D4D4D4D4D4D4D4D46D
:10035000D4D4D4D4D4D4D4D4D4D4D4D4D4D4D4D45D
:10036000D4D4D4D4D4D4D4D4D4D4D4D4D4D4D4D44D
:10037000D4D4D4D4D4D4D4D4D4D4D4D4D4D4D4D43D
:10038000D4D4D4D4D4D4D4D4D4D4D4D4D4D4D4D42D
:10039000D4D4D4D4D4D4D4D4D4D4D4D4D4D4D4D41D
:1003A000D4D4D4D4D4D4D4D4D4D4D4D4D4D4D4D40D
:1003B000D4D4D4D4D4D4D4D4D4D4D4D4D4D4D4D4FD
:1003C000D4D4D4D4D4D4D4D4D4D4D4D4D4D4D4D4ED
:1003D000D4D4D4D4D4D4D4D4D4D4D4D4D4D4D4D4DD
:1003E000D4D4D4D4D4D4D4D4D4D4D4D4D4D4D4D4CD
:1003F000D4D4D4D4D4D4D4D4D4D4D4D4D4D4D4D4BD
:10040000D4D4D4D4D4D4D4D4D4D4D4D4D4D4D4D4AC
:10041000D4D4D4D4D4D4D4D4D4D4D4D4D4D4D4D49C
:10042000D4D4D4D4D4D4D4D4D4D4D4D4D4D4D4D48C
:10043000D4D4D4D4D4D4D4D4D4D4D4D4D4D4D4D47C
:10044000D4D4D4D4D4D4D4D4D4D4D4D4D4D4D4D46C
:10045000D4D4D4D4D4D4D4D4D4D4D4D4D4D4D4D45C
:10046000D4D4D4D4D4D4D4D4D4D4D4D4D4D4D4D44C
:10047000D4D4D4D4D4D4D4D4D4D4D4D4D4D4D4D43C
:10048000D4D4D4D4D4D4D4D4D4D4D4D4D4D4D4D42C
:10049000D4D4D4D4D4D4D4D4D4D4D4D4D4D4D4D41C
:1004A000D4D4D4D4D4D4D4D4D4D4D4D4D4D4D4D40C
:1004B000D4D4D4D4D4D4D4D4D4D4D4D4D4D4D4D4FC
:1004C000D4D4D4D4D4D4D4D4D4D4D4D4D4D4D4D4EC
:1004D000D4D4D4D4D4D4D4D4D4D4D4D4D4D4D4D4DC
:1004E000D4D4D4D4D4D4D4D4D4D4D4D4D4D4D4D4CC
:1004F000D4D4D4D4D4D4D4D4D4D4D4D4D4D4D4D4BC
:10050000D4D4D4D4D4D4D4D4D4D4D4D4D4D4D4D4AB
:10051000D4D4D4D4D4D4D4D4D4D4D4D4D4D4D4D49B
:10052000D4D4D4D4D4D4D4D4D4D4D4D4D4D4D4D48B
:10053000D4D4D4D4D4D4D4D4D4D4D4D4D4D4D4D47B
:10054000D4D4D4D4D4D4D4D4D4D4D4D4D4D4D4D46B
:10055000D4D4D4D4D4D4D4D4D4D4D4D4D4D4D4D45B
:10056000D4D4D4D4D4D4D4D4D4D4D4D4D4D4D4D44B
:10057000D4D4D4D4D4D4D4D4D4D4D4D4D4D4D4D43B
:10058000D4D4D4D4D4D4D4D4D4D4D4D4D4D4D4D42B
:10059000D4D4D4D4D4D4D4D4D4D4D4D4D4D4D4D41B
:1005A000D4D4D4D4D4D4D4D4D4D4D4D4D4D4D4D40B
:1005B000D4D4D4D4D4D4D4D4D4D4D4D4D4D4D4D4FB
:1005C000D4D4D4D4D4D4D4D4D4D4D4D4D4D4D4D4EB
:1005D000D4D4D4D4D4D4D4D4D4D4D4D4D4D4D4D4DB
:1005E000D4D4D4D4D4D4D4D4D4D4D4D4D4D4D4D4CB
:1005F000D4D4D4D4D4D4D4D4D4D4D4D4D4D4D4D4BB
:10060000D4D4D4D4D4D4D4D4D4D4D4D4D4D4D4D4AA
:10061000D4D4D4D4D4D4D4D4D4D4D4D4D4D4D4D49A
:10062000D4D4D4D4D4D4D4D4D4D4D4D4D4D4D4D48A
:10063000D4D4D4D4D4D4D4D4D4D4D4D4D4D4D4D47A
:10064000D4D4D4D4D4D4D4D4D4D4D4D4D4D4D4D46A
:10065000D4D4D4D4D4D4D4D4D4D4D4D4D4D4D4D45A
:10066000D4D4D4D4D4D4D4D4D4D4D4D4D4D4D4D44A
:10067000D4D4D4D4D4D4D4D4D4D4D4D4D4D4D4D43A
:10068000D4D4D4D4D4D4D4D4D4D4D4D4D4D4D4D42A
:10069000D4D4D4D4D4D4D4D4D4D4D4D4D4D4D4D41A
:1006A000D4D4D4D4D4D4D4D4D4D4D4D4D4D4D4D40A
:1006B000D4D4D4D4D4D4D4D4D4D4D4D4D4D4D4D4FA
:1006C000D4D4D4D4D4D4D4D4D4D4D4D4D4D4D4D4EA
:1006D000D4D4D4D4D4D4D4D4D4D4D4D4D4D4D4D4DA
:1006E000D4D4D4D4D4D4D4D4D4D4D4D4D4D4D4D4CA
:1006F000D4D4D4D4D4D4D4D4D4D4D4D4D4D4D4D4BA
:10070000D4D4D4D4D4D4D4D4D4D4D4D4D4D4D4D4A9
:10071000D4D4D4D4D4D4D4D4D4D4D4D4D4D4D4D499
:10072000D4D4D4D4D4D4D4D4D4D4D4D4D4D4D4D489
:10073000D4D4D4D4D4D4D4D4D4D4D4D4D4D4D4D479
:10074000D4D4D4D4D4D4D4D4D4D4D4D4D4D4D4D469
:10075000D4D4D4D4D4D4D4D4D4D4D4D4D4D4D4D459
:10076000D4D4D4D4D4D4D4D4D4D4D4D4D4D4D4D449
:10077000D4D4D4D4D4D4D4D4D4D4D4D4D4D4D4D439
:10078000D4D4D4D4D4D4D4D4D4D4D4D4D4D4D4D429
:10079000D4D4D4D4D4D4D4D4D4D4D4D4D4D4D4D419
:1007A000D4D4D4D4D4D4D4D4D4D4D4D4D4D4D4D409
:1007B000D4D4D4D4D4D4D4D4D4D4D4D4D4D4D4D4F9
:1007C000D4D4D4D4D4D4D4D4D4D4D4D4D4D4D4D4E9
:1007D000D4D4D4D4D4D4D4D4D4D4D4D4D4D4D4D4D9
:1007E000D4D4D4D4D4D4D4D4D4D4D4D4D4D4D4D4C9
:1007F000D4D4D4D4D4D4D4D4D4D4D4D4D4D4D4D4B9
:10080000D4D4D4D4D4D4D4D4D4D4D4D4D4D4D4D4A8
:10081000D4D4D4D4D4D4D4D4D4D4D4D4D4D4D4D498
:10082000D4D4D4D4D4D4D4D4D4D4D4D4D4D4D4D488
:10083000D4D4D4D4D4D4D4D4D4D4D4D4D4D4D4D478
:10084000D4D4D4D4D4D4D4D4D4D4D4D4D4D4D4D468
:10085000D4D4D4D4D4D4D4D4D4D4D4D4D4D4D4D458
:10086000D4D4D4D4D4D4D4D4D4D4D4D4D4D4D4D448
:10087000D4D4D4D4D4D4D4D4D4D4D4D4D4D4D4D438
:10088000D4D4D4D4D4D4D4D4D4D4D4D4D4D4D4D428
:10089000D4D4D4D4D4D4D4D4D4D4D4D4D4D4D4D418
:1008A000D4D4D4D4D4D4D4D4D4D4D4D4D4D4D4D408
:1008B000D4D4D4D4D4D4D4D4D4D4D4D4D4D4D4D4F8
:1008C000D4D4D4D4D4D4D4D4D4D4D4D4D4D4D4D4E8
:1008D000D4D4D4D4D4D4D4D4D4D4D4D4D4D4D4D4D8
:1008E000D4D4D4D4D4D4D4D4D4D4D4D4D4D4D4D4C8
:1008F000D4D4D4D4D4D4D4D4D4D4D4D4D4D4D4D4B8
:10090000D4D4D4D4D4D4D4D4D4D4D4D4D4D4D4D4A7
:10091000D4D4D4D4D4D4D4D4D4D4D4D4D4D4D4D497
:10092000D4D4D4D4D4D4D4D4D4D4D4D4D4D4D4D487
:10093000D4D4D4D4D4D4D4D4D4D4D4D4D4D4D4D477
:10094000D4D4D4D4D4D4D4D4D4D4D4D4D4D4D4D467
:10095000D4D4D4D4D4D4D4D4D4D4D4D4D4D4D4D457
:10096000D4D4D4D4D4D4D4D4D4D4D4D4D4D4D4D447
:10097000D4D4D4D4D4D4D4D4D4D4D4D4D4D4D4D437
:10098000D4D4D4D4D4D4D4D4D4D4D4D4D4D4D4D427
:10099000D4D4D4D4D4D4D4D4D4D4D4D4D4D4D4D417
:1009A000D4D4D4D4D4D4D4D4D4D4D4D4D4D4D4D407
:1009B000D4D4D4D4D4D4D4D4D4D4D4D4D4D4D4D4F7
:1009C000D4D4D4D4D4D4D4D4D4D4D4D4D4D4D4D4E7
:1009D000D4D4D4D4D4D4D4D4D4D4D4D4D4D4D4D4D7
:1009E000D4D4D4D4D4D4D4D4D4D4D4D4D4D4D4D4C7
:1009F000D4D4D4D4D4D4D4D4D4D4D4D4D4D4D4D4B7
:100A0000D4D4D4D4D4D4D4D4D4D4D4D4D4D4D4D4A6
:100A1000D4D4D4D4D4D4D4D4D4D4D4D4D4D4D4D496
:100A2000D4D4D4D4D4D4D4D4D4D4D4D4D4D4D4D486
:100A3000D4D4D4D4D4D4D4D4D4D4D4D4D4D4D4D476
:100A4000D4D4D4D4D4D4D4D4D4D4D4D4D4D4D4D466
:100A5000D4D4D4D4D4D4D4D4D4D4D4D4D4D4D4D456
:100A6000D4D4D4D4D4D4D4D4D4D4D4D4D4D4D4D446
:100A7000D4D4D4D4D4D4D4D4D4D4D4D4D4D4D4D436
:100A8000D4D4D4D4D4D4D4D4D4D4D4D4D4D4D4D426
:100A9000D4D4D4D4D4D4D4D4D4D4D4D4D4D4D4D416
:100AA000D4D4D4D4D4D4D4D4D4D4D4D4D4D4D4D406
:100AB000D4D4D4D4D4D4D4D4D4D4D4D4D4D4D4D4F6
:100AC000D4D4D4D4D4D4D4D4D4D4D4D4D4D4D4D4E6
:100AD000D4D4D4D4D4D4D4D4D4D4D4D4D4D4D4D4D6
:100AE000D4D4D4D4D4D4D4D4D4D4D4D4D4D4D4D4C6
:100AF000D4D4D4D4D4D4D4D4D4D4D4D4D4D4D4D4B6
:100B0000D4D4D4D4D4D4D4D4D4D4D4D4D4D4D4D4A5
:100B1000D4D4D4D4D4D4D4D4D4D4D4D4D4D4D4D495
:100B2000D4D4D4D4D4D4D4D4D4D4D4D4D4D4D4D485
:100B3000D4D4D4D4D4D4D4D4D4D4D4D4D4D4D4D475
:100B4000D4D4D4D4D4D4D4D4D4D4D4D4D4D4D4D465
:100B5000D4D4D4D4D4D4D4D4D4D4D4D4D4D4D4D455
:100B6000D4D4D4D4D4D4D4D4D4D4D4D4D4D4D4D445
:100B7000D4D4D4D4D4D4D4D4D4D4D4D4D4D4D4D435
:100B8000D4D4D4D4D4D4D4D4D4D4D4D4D4D4D4D425
:100B9000D4D4D4D4D4D4D4D4D4D4D4D4D4D4D4D415
:100BA000D4D4D4D4D4D4D4D4D4D4D4D4D4D4D4D405
:100BB000D4D4D4D4D4D4D4D4D4D4D4D4D4D4D4D4F5
:100BC000D4D4D4D4D4D4D4D4D4D4D4D4D4D4D4D4E5
:100BD000D4D4D4D4D4D4D4D4D4D4D4D4D4D4D4D4D5
:100BE000D4D4D4D4D4D4D4D4D4D4D4D4D4D4D4D4C5
:100BF000D4D4D4D4D4D4D4D4D4D4D4D4D4D4D4D4B5
:100C0000D4D4D4D4D4D4D4D4D4D4D4D4D4D4D4D4A4
:100C1000D4D4D4D4D4D4D4D4D4D4D4D4D4D4D4D494
:100C2000D4D4D4D4D4D4D4D4D4D4D4D4D4D4D4D484
:100C3000D4D4D4D4D4D4D4D4D4D4D4D4D4D4D4D474
:100C4000D4D4D4D4D4D4D4D4D4D4D4D4D4D4D4D464
:100C5000D4D4D4D4D4D4D4D4D4D4D4D4D4D4D4D454
:100C6000D4D4D4D4D4D4D4D4D4D4D4D4D4D4D4D444
:100C7000D4D4D4D4D4D4D4D4D4D4D4D4D4D4D4D434
:100C8000D4D4D4D4D4D4D4D4D4D4D4D4D4D4D4D424
:100C9000D4D4D4D4D4D4D4D4D4D4D4D4D4D4D4D414
:100CA000D4D4D4D4D4D4D4D4D4D4D4D4D4D4D4D404
:100CB000D4D4D4D4D4D4D4D4D4D4D4D4D4D4D4D4F4
:100CC000D4D4D4D4D4D4D4D4D4D4D4D4D4D4D4D4E4
:100CD000D4D4D4D4D4D4D4D4D4D4D4D4D4D4D4D4D4
:100CE000D4D4D4D4D4D4D4D4D4D4D4D4D4D4D4D4C4
:100CF000D4D4D4D4D4D4D4D4D4D4D4D4D4D4D4D4B4
:100D0000D4D4D4D4D4D4D4D4D4D4D4D4D4D4D4D4A3
:100D1000D4D4D4D4D4D4D4D4D4D4D4D4D4D4D4D493
:100D2000D4D4D4D4D4D4D4D4D4D4D4D4D4D4D4D483
:100D3000D4D4D4D4D4D4D4D4D4D4D4D4D4D4D4D473
:100D4000D4D4D4D4D4D4D4D4D4D4D4D4D4D4D4D463
:100D5000D4D4D4D4D4D4D4D4D4D4D4D4D4D4D4D453
:100D6000D4D4D4D4D4D4D4D4D4D4D4D4D4D4D4D443
:100D7000D4D4D4D4D4D4D4D4D4D4D4D4D4D4D4D433
:100D8000D4D4D4D4D4D4D4D4D4D4D4D4D4D4D4D423
:100D9000D4D4D4D4D4D4D4D4D4D4D4D4D4D4D4D413
:100DA000D4D4D4D4D4D4D4D4D4D4D4D4D4D4D4D403
:100DB000D4D4D4D4D4D4D4D4D4D4D4D4D4D4D4D4F3
:100DC000D4D4D4D4D4D4D4D4D4D4D4D4D4D4D4D4E3
:100DD000D4D4D4D4D4D4D4D4D4D4D4D4D4D4D4D4D3
:100DE000D4D4D4D4D4D4D4D4D4D4D4D4D4D4D4D4C3
:100DF000D4D4D4D4D4D4D4D4D4D4D4D4D4D4D4D4B3
:100E0000D4D4D4D4D4D4D4D4D4D4D4D4D4D4D4D4A2
:100E1000D4D4D4D4D4D4D4D4D4D4D4D4D4D4D4D492
:100E2000D4D4D4D4D4D4D4D4D4D4D4D4D4D4D4D482
:100E3000D4D4D4D4D4D4D4D4D4D4D4D4D4D4D4D472
:100E4000D4D4D4D4D4D4D4D4D4D4D4D4D4D4D4D462
:100E5000D4D4D4D4D4D4D4D4D4D4D4D4D4D4D4D452
:100E6000D4D4D4D4D4D4D4D4D4D4D4D4D4D4D4D442
:100E7000D4D4D4D4D4D4D4D4D4D4D4D4D4D4D4D432
:100E8000D4D4D4D4D4D4D4D4D4D4D4D4D4D4D4D422
:100E9000D4D4D4D4D4D4D4D4D4D4D4D4D4D4D4D412
:100EA000D4D4D4D4D4D4D4D4D4D4D4D4D4D4D4D402
:100EB000D4D4D4D4D4D4D4D4D4D4D4D4D4D4D4D4F2
:100EC000D4D4D4D4D4D4D4D4D4D4D4D4D4D4D4D4E2
:100ED000D4D4D4D4D4D4D4D4D4D4D4D4D4D4D4D4D2
:100EE000D4D4D4D4D4D4D4D4D4D4D4D4D4D4D4D4C2
:100EF000D4D4D4D4D4D4D4D4D4D4D4D4D4D4D4D4B2
:100F0000D4D4D4D4D4D4D4D4D4D4D4D4D4D4D4D4A1
:100F1000D4D4D4D4D4D4D4D4D4D4D4D4D4D4D4D491
:100F2000D4D4D4D4D4D4D4D4D4D4D4D4D4D4D4D481
:100F3000D4D4D4D4D4D4D4D4D4D4D4D4D4D4D4D471
:100F4000D4D4D4D4D4D4D4D4D4D4D4D4D4D4D4D461
:100F5000D4D4D4D4D4D4D4D4D4D4D4D4D4D4D4D451
:100F6000D4D4D4D4D4D4D4D4D4D4D4D4D4D4D4D441
:100F7000D4D4D4D4D4D4D4D4D4D4D4D4D4D4D4D431
:100F8000D4D4D4D4D4D4D4D4D4D4D4D4D4D4D4D421
:100F9000D4D4D4D4D4D4D4D4D4D4D4D4D4D4D4D411
:100FA000D4D4D4D4D4D4D4D4D4D4D4D4D4D4D4D401
:100FB000D4D4D4D4D4D4D4D4D4D4D4D4D4D4D4D4F1
:100FC000D4D4D4D4D4D4D4D4D4D4D4D4D4D4D4D4E1
:100FD000D4D4D4D4D4D4D4D4D4D4D4D4D4D4D4D4D1
:100FE000D4D4D4D4D4D4D4D4D4D4D4D4D4D4D4D4C1
:100FF000D4D4D4D4D4D4D4D4D4D4D4D4D4D4D4D4B1
:10100000D10020400020006000000000000000002F
:1010100020100060001000600000000000000000D0
:1010200000000060D0D4000000000000EFBEADDE84
:10103000124880F3088812481249016000F036F81F
:10104000114812490022814201D004C0FBE7104838
:101050001049114A814202D008CA08C0FAE70F4875
:101060004FF47001026842EA01020260BFF34F8F41
:10107000BFF36F8F00F014F800DE00000040002086
:1010800008ED00E000400020005000200883002010
:10109000B84200204C440020D0D4006088ED00E02D
:1010A00040F6A72CC0F2000C6047D4D4204840F290
:1010B0009C41884219D040F24C418842CCBF1D4A25
:1010C0001D4A1E4B5360136823F0800313601C48B5
:1010D0001C49C1BF1C480A0C8264C1F30F01416462
:1010E000016C41F00401016402E0184815490160F7
:1010F0001748184A824205D01749814202D008CACF
:1011000008C0FAE71548164A824205D015498142BF
:1011100002D008CA08C0FAE71348144A824205D030
:101120001349814202D008CA08C0FAE7704700009C
:10113000240400000080034000C00B4020C528D9D3
:1011400000C00A40AAAAFAFF00400E4060004F44C7
:1011500000000000B8220060389F0000004000201E
:1011600000200060B842002000002020F0C1006094
:10117000E0122020D4D4D4D4D4D4D4D4D4D4D4D44D
:10118000D4D4D4D4D4D4D4D4D4D4D4D4D4D4D4D41F
:10119000D4D4D4D4D4D4D4D4D4D4D4D4D4D4D4D40F
:1011A000D4D4D4D4D4D4D4D4D4D4D4D4D4D4D4D4FF
:1011B000D4D4D4D4D4D4D4D4D4D4D4D4D4D4D4D4EF
:1011C000D4D4D4D4D4D4D4D4D4D4D4D4D4D4D4D4DF
:1011D000D4D4D4D4D4D4D4D4D4D4D4D4D4D4D4D4CF
:1011E000D4D4D4D4D4D4D4D4D4D4D4D4D4D4D4D4BF
:1011F000D4D4D4D4D4D4D4D4D4D4D4D4D4D4D4D4AF
:10120000D4D4D4D4D4D4D4D4D4D4D4D4D4D4D4D49E
:10121000D4D4D4D4D4D4D4D4D4D4D4D4D4D4D4D48E
:10122000D4D4D4D4D4D4D4D4D4D4D4D4D4D4D4D47E
:10123000D4D4D4D4D4D4D4D4D4D4D4D4D4D4D4D46E
:10124000D4D4D4D4D4D4D4D4D4D4D4D4D4D4D4D45E
:10125000D4D4D4D4D4D4D4D4D4D4D4D4D4D4D4D44E
:10126000D4D4D4D4D4D4D4D4D4D4D4D4D4D4D4D43E
:10127000D4D4D4D4D4D4D4D4D4D4D4D4D4D4D4D42E
:10128000D4D4D4D4D4D4D4D4D4D4D4D4D4D4D4D41E
:10129000D4D4D4D4D4D4D4D4D4D4D4D4D4D4D4D40E
:1012A000D4D4D4D4D4D4D4D4D4D4D4D4D4D4D4D4FE
:1012B000D4D4D4D4D4D4D4D4D4D4D4D4D4D4D4D4EE
:1012C000D4D4D4D4D4D4D4D4D4D4D4D4D4D4D4D4DE
:1012D000D4D4D4D4D4D4D4D4D4D4D4D4D4D4D4D4CE
:1012E000D4D4D4D4D4D4D4D4D4D4D4D4D4D4D4D4BE
:1012F000D4D4D4D4D4D4D4D4D4D4D4D4D4D4D4D4AE
:10130000D4D4D4D4D4D4D4D4D4D4D4D4D4D4D4D49D
:10131000D4D4D4D4D4D4D4D4D4D4D4D4D4D4D4D48D
:10132000D4D4D4D4D4D4D4D4D4D4D4D4D4D4D4D47D
:10133000D4D4D4D4D4D4D4D4D4D4D4D4D4D4D4D46D
:10134000D4D4D4D4D4D4D4D4D4D4D4D4D4D4D4D45D
:10135000D4D4D4D4D4D4D4D4D4D4D4D4D4D4D4D44D
:10136000D4D4D4D4D4D4D4D4D4D4D4D4D4D4D4D43D
:10137000D4D4D4D4D4D4D4D4D4D4D4D4D4D4D4D42D
:10138000D4D4D4D4D4D4D4D4D4D4D4D4D4D4D4D41D
:10139000D4D4D4D4D4D4D4D4D4D4D4D4D4D4D4D40D
:1013A000D4D4D4D4D4D4D4D4D4D4D4D4D4D4D4D4FD
:1013B000D4D4D4D4D4D4D4D4D4D4D4D4D4D4D4D4ED
:1013C000D4D4D4D4D4D4D4D4D4D4D4D4D4D4D4D4DD
:1013D000D4D4D4D4D4D4D4D4D4D4D4D4D4D4D4D4CD
:1013E000D4D4D4D4D4D4D4D4D4D4D4D4D4D4D4D4BD
:1013F000D4D4D4D4D4D4D4D4D4D4D4D4D4D4D4D4AD
:10140000D4D4D4D4D4D4D4D4D4D4D4D4D4D4D4D49C
:10141000D4D4D4D4D4D4D4D4D4D4D4D4D4D4D4D48C
:10142000D4D4D4D4D4D4D4D4D4D4D4D4D4D4D4D47C
:10143000D4D4D4D4D4D4D4D4D4D4D4D4D4D4D4D46C
:10144000D4D4D4D4D4D4D4D4D4D4D4D4D4D4D4D45C
:10145000D4D4D4D4D4D4D4D4D4D4D4D4D4D4D4D44C
:10146000D4D4D4D4D4D4D4D4D4D4D4D4D4D4D4D43C
:10147000D4D4D4D4D4D4D4D4D4D4D4D4D4D4D4D42C
:10148000D4D4D4D4D4D4D4D4D4D4D4D4D4D4D4D41C
:10149000D4D4D4D4D4D4D4D4D4D4D4D4D4D4D4D40C
:1014A000D4D4D4D4D4D4D4D4D4D4D4D4D4D4D4D4FC
:1014B000D4D4D4D4D4D4D4D4D4D4D4D4D4D4D4D4EC
:1014C000D4D4D4D4D4D4D4D4D4D4D4D4D4D4D4D4DC
:1014D000D4D4D4D4D4D4D4D4D4D4D4D4D4D4D4D4CC
:1014E000D4D4D4D4D4D4D4D4D4D4D4D4D4D4D4D4BC
:1014F000D4D4D4D4D4D4D4D4D4D4D4D4D4D4D4D4AC
:10150000D4D4D4D4D4D4D4D4D4D4D4D4D4D4D4D49B
:10151000D4D4D4D4D4D4D4D4D4D4D4D4D4D4D4D48B
:10152000D4D4D4D4D4D4D4D4D4D4D4D4D4D4D4D47B
:10153000D4D4D4D4D4D4D4D4D4D4D4D4D4D4D4D46B
:10154000D4D4D4D4D4D4D4D4D4D4D4D4D4D4D4D45B
:10155000D4D4D4D4D4D4D4D4D4D4D4D4D4D4D4D44B
:10156000D4D4D4D4D4D4D4D4D4D4D4D4D4D4D4D43B
:10157000D4D4D4D4D4D4D4D4D4D4D4D4D4D4D4D42B
:10158000D4D4D4D4D4D4D4D4D4D4D4D4D4D4D4D41B
:10159000D4D4D4D4D4D4D4D4D4D4D4D4D4D4D4D40B
:1015A000D4D4D4D4D4D4D4D4D4D4D4D4D4D4D4D4FB
:1015B000D4D4D4D4D4D4D4D4D4D4D4D4D4D4D4D4EB
:1015C000D4D4D4D4D4D4D4D4D4D4D4D4D4D4D4D4DB
:1015D000D4D4D4D4D4D4D4D4D4D4D4D4D4D4D4D4CB
:1015E000D4D4D4D4D4D4D4D4D4D4D4D4D4D4D4D4BB
:1015F000D4D4D4D4D4D4D4D4D4D4D4D4D4D4D4D4AB
:10160000D4D4D4D4D4D4D4D4D4D4D4D4D4D4D4D49A
:10161000D4D4D4D4D4D4D4D4D4D4D4D4D4D4D4D48A
:10162000D4D4D4D4D4D4D4D4D4D4D4D4D4D4D4D47A
:10163000D4D4D4D4D4D4D4D4D4D4D4D4D4D4D4D46A
:10164000D4D4D4D4D4D4D4D4D4D4D4D4D4D4D4D45A
:10165000D4D4D4D4D4D4D4D4D4D4D4D4D4D4D4D44A
:10166000D4D4D4D4D4D4D4D4D4D4D4D4D4D4D4D43A
:10167000D4D4D4D4D4D4D4D4D4D4D4D4D4D4D4D42A
:10168000D4D4D4D4D4D4D4D4D4D4D4D4D4D4D4D41A
:10169000D4D4D4D4D4D4D4D4D4D4D4D4D4D4D4D40A
:1016A000D4D4D4D4D4D4D4D4D4D4D4D4D4D4D4D4FA
:1016B000D4D4D4D4D4D4D4D4D4D4D4D4D4D4D4D4EA
:1016C000D4D4D4D4D4D4D4D4D4D4D4D4D4D4D4D4DA
:1016D000D4D4D4D4D4D4D4D4D4D4D4D4D4D4D4D4CA
:1016E000D4D4D4D4D4D4D4D4D4D4D4D4D4D4D4D4BA
:1016F000D4D4D4D4D4D4D4D4D4D4D4D4D4D4D4D4AA
:10170000D4D4D4D4D4D4D4D4D4D4D4D4D4D4D4D499
:10171000D4D4D4D4D4D4D4D4D4D4D4D4D4D4D4D489
:10172000D4D4D4D4D4D4D4D4D4D4D4D4D4D4D4D479
:10173000D4D4D4D4D4D4D4D4D4D4D4D4D4D4D4D469
:10174000D4D4D4D4D4D4D4D4D4D4D4D4D4D4D4D459
:10175000D4D4D4D4D4D4D4D4D4D4D4D4D4D4D4D449
:10176000D4D4D4D4D4D4D4D4D4D4D4D4D4D4D4D439
:10177000D4D4D4D4D4D4D4D4D4D4D4D4D4D4D4D429
:10178000D4D4D4D4D4D4D4D4D4D4D4D4D4D4D4D419
:10179000D4D4D4D4D4D4D4D4D4D4D4D4D4D4D4D409
:1017A000D4D4D4D4D4D4D4D4D4D4D4D4D4D4D4D4F9
:1017B000D4D4D4D4D4D4D4D4D4D4D4D4D4D4D4D4E9
:1017C000D4D4D4D4D4D4D4D4D4D4D4D4D4D4D4D4D9
:1017D000D4D4D4D4D4D4D4D4D4D4D4D4D4D4D4D4C9
:1017E000D4D4D4D4D4D4D4D4D4D4D4D4D4D4D4D4B9
:1017F000D4D4D4D4D4D4D4D4D4D4D4D4D4D4D4D4A9
:10180000D4D4D4D4D4D4D4D4D4D4D4D4D4D4D4D498
:10181000D4D4D4D4D4D4D4D4D4D4D4D4D4D4D4D488
:10182000D4D4D4D4D4D4D4D4D4D4D4D4D4D4D4D478
:10183000D4D4D4D4D4D4D4D4D4D4D4D4D4D4D4D468
:10184000D4D4D4D4D4D4D4D4D4D4D4D4D4D4D4D458
:10185000D4D4D4D4D4D4D4D4D4D4D4D4D4D4D4D448
:10186000D4D4D4D4D4D4D4D4D4D4D4D4D4D4D4D438
:10187000D4D4D4D4D4D4D4D4D4D4D4D4D4D4D4D428
:10188000D4D4D4D4D4D4D4D4D4D4D4D4D4D4D4D418
:10189000D4D4D4D4D4D4D4D4D4D4D4D4D4D4D4D408
:1018A000D4D4D4D4D4D4D4D4D4D4D4D4D4D4D4D4F8
:1018B000D4D4D4D4D4D4D4D4D4D4D4D4D4D4D4D4E8
:1018C000D4D4D4D4D4D4D4D4D4D4D4D4D4D4D4D4D8
:1018D000D4D4D4D4D4D4D4D4D4D4D4D4D4D4D4D4C8
:1018E000D4D4D4D4D4D4D4D4D4D4D4D4D4D4D4D4B8
:1018F000D4D4D4D4D4D4D4D4D4D4D4D4D4D4D4D4A8
:10190000D4D4D4D4D4D4D4D4D4D4D4D4D4D4D4D497
:10191000D4D4D4D4D4D4D4D4D4D4D4D4D4D4D4D487
:10192000D4D4D4D4D4D4D4D4D4D4D4D4D4D4D4D477
:10193000D4D4D4D4D4D4D4D4D4D4D4D4D4D4D4D467
:10194000D4D4D4D4D4D4D4D4D4D4D4D4D4D4D4D457
:10195000D4D4D4D4D4D4D4D4D4D4D4D4D4D4D4D447
:10196000D4D4D4D4D4D4D4D4D4D4D4D4D4D4D4D437
:10197000D4D4D4D4D4D4D4D4D4D4D4D4D4D4D4D427
:10198000D4D4D4D4D4D4D4D4D4D4D4D4D4D4D4D417
:10199000D4D4D4D4D4D4D4D4D4D4D4D4D4D4D4D407
:1019A000D4D4D4D4D4D4D4D4D4D4D4D4D4D4D4D4F7
:1019B000D4D4D4D4D4D4D4D4D4D4D4D4D4D4D4D4E7
:1019C000D4D4D4D4D4D4D4D4D4D4D4D4D4D4D4D4D7
:1019D000D4D4D4D4D4D4D4D4D4D4D4D4D4D4D4D4C7
:1019E000D4D4D4D4D4D4D4D4D4D4D4D4D4D4D4D4B7
:1019F000D4D4D4D4D4D4D4D4D4D4D4D4D4D4D4D4A7
:101A0000D4D4D4D4D4D4D4D4D4D4D4D4D4D4D4D496
:101A1000D4D4D4D4D4D4D4D4D4D4D4D4D4D4D4D486
:101A2000D4D4D4D4D4D4D4D4D4D4D4D4D4D4D4D476
:101A3000D4D4D4D4D4D4D4D4D4D4D4D4D4D4D4D466
:101A4000D4D4D4D4D4D4D4D4D4D4D4D4D4D4D4D456
:101A5000D4D4D4D4D4D4D4D4D4D4D4D4D4D4D4D446
:101A6000D4D4D4D4D4D4D4D4D4D4D4D4D4D4D4D436
:101A7000D4D4D4D4D4D4D4D4D4D4D4D4D4D4D4D426
:101A8000D4D4D4D4D4D4D4D4D4D4D4D4D4D4D4D416
:101A9000D4D4D4D4D4D4D4D4D4D4D4D4D4D4D4D406
:101AA000D4D4D4D4D4D4D4D4D4D4D4D4D4D4D4D4F6
:101AB000D4D4D4D4D4D4D4D4D4D4D4D4D4D4D4D4E6
:101AC000D4D4D4D4D4D4D4D4D4D4D4D4D4D4D4D4D6
:101AD000D4D4D4D4D4D4D4D4D4D4D4D4D4D4D4D4C6
:101AE000D4D4D4D4D4D4D4D4D4D4D4D4D4D4D4D4B6
:101AF000D4D4D4D4D4D4D4D4D4D4D4D4D4D4D4D4A6
:101B0000D4D4D4D4D4D4D4D4D4D4D4D4D4D4D4D495
:101B1000D4D4D4D4D4D4D4D4D4D4D4D4D4D4D4D485
:101B2000D4D4D4D4D4D4D4D4D4D4D4D4D4D4D4D475
:101B3000D4D4D4D4D4D4D4D4D4D4D4D4D4D4D4D465
:101B4000D4D4D4D4D4D4D4D4D4D4D4D4D4D4D4D455
:101B5000D4D4D4D4D4D4D4D4D4D4D4D4D4D4D4D445
:101B6000D4D4D4D4D4D4D4D4D4D4D4D4D4D4D4D435
:101B7000D4D4D4D4D4D4D4D4D4D4D4D4D4D4D4D425
:101B8000D4D4D4D4D4D4D4D4D4D4D4D4D4D4D4D415
:101B9000D4D4D4D4D4D4D4D4D4D4D4D4D4D4D4D405
:101BA000D4D4D4D4D4D4D4D4D4D4D4D4D4D4D4D4F5
:101BB000D4D4D4D4D4D4D4D4D4D4D4D4D4D4D4D4E5
:101BC000D4D4D4D4D4D4D4D4D4D4D4D4D4D4D4D4D5
:101BD000D4D4D4D4D4D4D4D4D4D4D4D4D4D4D4D4C5
:101BE000D4D4D4D4D4D4D4D4D4D4D4D4D4D4D4D4B5
:101BF000D4D4D4D4D4D4D4D4D4D4D4D4D4D4D4D4A5
:101C0000D4D4D4D4D4D4D4D4D4D4D4D4D4D4D4D494
:101C1000D4D4D4D4D4D4D4D4D4D4D4D4D4D4D4D484
:101C2000D4D4D4D4D4D4D4D4D4D4D4D4D4D4D4D474
:101C3000D4D4D4D4D4D4D4D4D4D4D4D4D4D4D4D464
:101C4000D4D4D4D4D4D4D4D4D4D4D4D4D4D4D4D454
:101C5000D4D4D4D4D4D4D4D4D4D4D4D4D4D4D4D444
:101C6000D4D4D4D4D4D4D4D4D4D4D4D4D4D4D4D434
:101C7000D4D4D4D4D4D4D4D4D4D4D4D4D4D4D4D424
:101C8000D4D4D4D4D4D4D4D4D4D4D4D4D4D4D4D414
:101C9000D4D4D4D4D4D4D4D4D4D4D4D4D4D4D4D404
:101CA000D4D4D4D4D4D4D4D4D4D4D4D4D4D4D4D4F4
:101CB000D4D4D4D4D4D4D4D4D4D4D4D4D4D4D4D4E4
:101CC000D4D4D4D4D4D4D4D4D4D4D4D4D4D4D4D4D4
:101CD000D4D4D4D4D4D4D4D4D4D4D4D4D4D4D4D4C4
:101CE000D4D4D4D4D4D4D4D4D4D4D4D4D4D4D4D4B4
:101CF000D4D4D4D4D4D4D4D4D4D4D4D4D4D4D4D4A4
:101D0000D4D4D4D4D4D4D4D4D4D4D4D4D4D4D4D493
:101D1000D4D4D4D4D4D4D4D4D4D4D4D4D4D4D4D483
:101D2000D4D4D4D4D4D4D4D4D4D4D4D4D4D4D4D473
:101D3000D4D4D4D4D4D4D4D4D4D4D4D4D4D4D4D463
:101D4000D4D4D4D4D4D4D4D4D4D4D4D4D4D4D4D453
:101D5000D4D4D4D4D4D4D4D4D4D4D4D4D4D4D4D443
:101D6000D4D4D4D4D4D4D4D4D4D4D4D4D4D4D4D433
:101D7000D4D4D4D4D4D4D4D4D4D4D4D4D4D4D4D423
:101D8000D4D4D4D4D4D4D4D4D4D4D4D4D4D4D4D413
:101D9000D4D4D4D4D4D4D4D4D4D4D4D4D4D4D4D403
:101DA000D4D4D4D4D4D4D4D4D4D4D4D4D4D4D4D4F3
:101DB000D4D4D4D4D4D4D4D4D4D4D4D4D4D4D4D4E3
:101DC000D4D4D4D4D4D4D4D4D4D4D4D4D4D4D4D4D3
:101DD000D4D4D4D4D4D4D4D4D4D4D4D4D4D4D4D4C3
:101DE000D4D4D4D4D4D4D4D4D4D4D4D4D4D4D4D4B3
:101DF000D4D4D4D4D4D4D4D4D4D4D4D4D4D4D4D4A3
:101E0000D4D4D4D4D4D4D4D4D4D4D4D4D4D4D4D492
:101E1000D4D4D4D4D4D4D4D4D4D4D4D4D4D4D4D482
:101E2000D4D4D4D4D4D4D4D4D4D4D4D4D4D4D4D472
:101E3000D4D4D4D4D4D4D4D4D4D4D4D4D4D4D4D462
:101E4000D4D4D4D4D4D4D4D4D4D4D4D4D4D4D4D452
:101E5000D4D4D4D4D4D4D4D4D4D4D4D4D4D4D4D442
:101E6000D4D4D4D4D4D4D4D4D4D4D4D4D4D4D4D432
:101E7000D4D4D4D4D4D4D4D4D4D4D4D4D4D4D4D422
:101E8000D4D4D4D4D4D4D4D4D4D4D4D4D4D4D4D412
:101E9000D4D4D4D4D4D4D4D4D4D4D4D4D4D4D4D402
:101EA000D4D4D4D4D4D4D4D4D4D4D4D4D4D4D4D4F2
:101EB000D4D4D4D4D4D4D4D4D4D4D4D4D4D4D4D4E2
:101EC000D4D4D4D4D4D4D4D4D4D4D4D4D4D4D4D4D2
:101ED000D4D4D4D4D4D4D4D4D4D4D4D4D4D4D4D4C2
:101EE000D4D4D4D4D4D4D4D4D4D4D4D4D4D4D4D4B2
:101EF000D4D4D4D4D4D4D4D4D4D4D4D4D4D4D4D4A2
:101F0000D4D4D4D4D4D4D4D4D4D4D4D4D4D4D4D491
:101F1000D4D4D4D4D4D4D4D4D4D4D4D4D4D4D4D481
:101F2000D4D4D4D4D4D4D4D4D4D4D4D4D4D4D4D471
:101F3000D4D4D4D4D4D4D4D4D4D4D4D4D4D4D4D461
:101F4000D4D4D4D4D4D4D4D4D4D4D4D4D4D4D4D451
:101F5000D4D4D4D4D4D4D4D4D4D4D4D4D4D4D4D441
:101F6000D4D4D4D4D4D4D4D4D4D4D4D4D4D4D4D431
:101F7000D4D4D4D4D4D4D4D4D4D4D4D4D4D4D4D421
:101F8000D4D4D4D4D4D4D4D4D4D4D4D4D4D4D4D411
:101F9000D4D4D4D4D4D4D4D4D4D4D4D4D4D4D4D401
:101FA000D4D4D4D4D4D4D4D4D4D4D4D4D4D4D4D4F1
:101FB000D4D4D4D4D4D4D4D4D4D4D4D4D4D4D4D4E1
:101FC000D4D4D4D4D4D4D4D4D4D4D4D4D4D4D4D4D1
:101FD000D4D4D4D4D4D4D4D4D4D4D4D4D4D4D4D4C1
:101FE000D4D4D4D4D4D4D4D4D4D4D4D4D4D4D4D4B1
:101FF000D4D4D4D4D4D4D4D4D4D4D4D4D4D4D4D4A1
:10200000004000203110006051550000199F000071
:1020100051550000515500005155000000000000CE
:10202000000000000000000000000000515500000A
:1020300051550000000000005155000051550000AE
:1020400051550000515500005155000051550000F8
:1020500051550000515500005155000051550000E8
:1020600051550000515500005155000051550000D8
:1020700051550000515500005155000051550000C8
:1020800051550000000000000000000000000000AA
:1020900051550000515500005155000051550000A8
:1020A0005155000051550000515500005155000098
:1020B0005155000051550000515500005155000088
:1020C0005155000051550000515500005155000078
:1020D0005155000051550000515500005155000068
:1020E0005155000051550000515500005155000058
:1020F0005155000051550000515500005155000048
:102100005155000051550000515500005155000037
:102110000000000051550000000000005155000073
:102120005155000051550000515500005155000017
:1021300051550000515500000000000051550000AD
:1021400051550000515500005155000051550000F7
:102150005155000051550000000000000000000033
:1021600051550000515500005155000051550000D7
:1021700051550000515500005155000051550000C7
:1021800051550000515500005155000051550000B7
:1021900051550000515500005155000051550000A7
:1021A0005155000051550000515500005155000097
:1021B0005155000051550000515500005155000087
:1021C000515500005155000051550000000000001D
:1021D0005155000051550000515500005155000067
:1021E0005155000051550000515500005155000057
:1021F0005155000051550000515500005155000047
:1022000051550000010000005155000051550000DB
:102210005155000051550000515500005155000026
:102220005155000051550000515500005155000016
:1022300051550000515500005155000000000000AC
:10224000000000005155000051550000515500009C
:1022500051550000515500005155000051550000E6
:1022600051550000515500005155000051550000D6
:1022700051550000515500005155000051550000C6
:1022800051550000515500005155000051550000B6
:1022900051550000515500005155000051550000A6
:1022A000515500005155000051550000000000003C
:0822B0005155000051550000DA
:1022B800B0B502AF07F0AFFD044607F09AFD45F24E
:1022C8000005E107C2F2000528680DD100BB686867
:1022D8004FF0FF31296090B18047286801302860AD
:1022E800BDE8B04007F087BD90B968684FF0FF318E
:1022F800296050B18047286801302860B0BD0020AF
:102308002860BDE8B04007F076BD00202860B0BD69
:1023180040F6D010C2F2200008F0CAFBB0B502AFF8
:10232800ADF5255D82B0DAAC204605F0C0F80DF1B8
:102338001C0B2146584600F012FD00200DF5A56A39
:1023480047F8100C042047F8140C052047F8180C1F
:1023580042F208000DF144080AEB000945F20800B2
:102368000122C2F2000098E8600100F21240BFF3B7
:102378005F8FD0E84F1FC0E8432F002BF9D1002909
:10238800BFF35F8F40F0888245F208044FF4806104
:10239800C2F20004204609F0F3FB07F014FDA7F190
:1023A80018010690204602F06CFC002840F071826B
:1023B80048F2B82041F23811C2F20000046046F237
:1023C8000000C2F200004218BFF35F8F52E8001FFE
:1023D80041F0004342E80036002EF7D10029BFF350
:1023E8005F8F00F1568448F200020126C2F2000213
:1023F80002F5C071BFF35F8FD1E84F3FC1E8446F6A
:10240800002CF9D1002BBFF35F8F40F012844FF0FE
:102418000043C8F83430C8F838304FF08043C8F863
:1024280038300023C8F800300223C5F84031D5F809
:1024380040319B070CD5D5F840319B0744BFD5F8F0
:1024480040315FEA837303D5D5F840319B07EED45A
:1024580000230A26C5F84031C5F8A861D5F884617B
:1024680046F08076C5F88461D5F84461C5F84461C2
:10247800C5F84831C5F85801CDF8541541F238115E
:10248800CDF850250122CDF8485501440DF5A56534
:102498008DF85C25CDF84415062100F58652CDF857
:1024A8002C0500F58050CDF83405CDF840152846A8
:1024B800CDF83815CDF830150121ADF85835CDF8DF
:1024C8004C85CDF83C25CDF8283506F014FA9DF852
:1024D8005C05012802D1DDF8280530E007F09BFCF7
:1024E800044607F086FCDDF82805E10727D1002817
:1024F80040F0AA83DDF84805D0F8841021F00041A7
:10250800C0F884104FF08071C0F84411D0F8481119
:1025180041F08071C0F84811D0F8841041F0807102
:10252800C0F8841040F69F71C0F88010D0F884106D
:1025380041F08041C0F8841007F05DFC24E00028D9
:1025480040F08283DDF84805D0F8841021F000417E
:10255800C0F884104FF08071C0F84411D0F84811C9
:1025680041F08071C0F84811D0F8841041F08071B2
:10257800C0F8841040F69F71C0F88010D0F884101D
:1025880041F08041C0F8841048F284180420C2F257
:1025980000084FF0000C88F805002A46C8F800C06B
:1025A80008F10C0B39CA594639C179CA79C192E880
:1025B8007900032279C14FF0FF300821C8F80800DC
:1025C800012088F80400FF20CDE900218021029035
:1025D800584600228023C8F844C006F0A7FD0C46E0
:1025E800D8F80810C00701F10101C8F8081040F038
:1025F8005B83D8F80000002840F02C8398F804503A
:10260800002905F1010088F8040040F00C834FF020
:10261800FF304021C8F80800002002220290CDE9CE
:102628000021584600210022002306F07FFDD8F83B
:102638000820C00702F10102C8F8082040F02283F0
:10264800002A40F0F0824FF0FF30CDE90414C8F8BA
:10265800080002204FF0000A40248DE81104584673
:1026680080210022802306F061FDD8F80820C007E9
:1026780002F10102C8F8082040F0048348F2BC20A7
:1026880008F14406C2F200004FF4007380F82610E7
:10269800002A0499817640F2FF31A0F80F100599BD
:1026A80081734FF00801818181804FF4FA51A0F8BD
:1026B8002EA080F82D5080F82CA0A0F82730848414
:1026C8000662A0F81B3004834661866080F806A085
:1026D800016040F0A8824FF0FF304021C8F80800A0
:1026E8000020CDE900010021029058460122002374
:1026F80006F01CFD0C46D8F80810C00701F10101CE
:10270800C8F8081040F0E482002940F08C824FF0AD
:10271800FF304021C8F808000020CDE900018021E1
:10272800029058460122802306F000FDD8F80820C0
:10273800C00702F10102C8F8082040F0D082D8F89A
:102748000000002840F08C824FF0FF30002AC8F8C3
:10275800000040F08B82C8F8080058468A46059465
:1027680006F0B3FCD8F808000130C8F80800C0F03B
:1027780083824FF0FF308021C8F80800BFF35F8FD5
:10278800C8F844B00DF5A568BFF35F8F08F10300E2
:1027980009F09BFA5846812105F09CF95846012119
:1027A80005F098F95846822105F094F95846022117
:1027B80005F090F95846832105F08CF95846032115
:1027C80005F088F95846842105F084F95846042113
:1027D80005F080F95846852105F07CF95846052111
:1027E80005F078F95846862105F074F9584606210F
:1027F80005F070F95846872105F06CF9584607210D
:1028080005F068F948F2CC144020C2F2000405999A
:10281800A0830025208204F12100A174414683226F
:10282800A4F81F5084F81EA0A661A4F81350E6600F
:10283800258008F0F2FA4FF0806040F68221C4E962
:1028480037B03220C4F8D6000220C4F2000041F6A6
:102858001D76C4F8D2001020A4F8D00045F6240054
:10286800C2F2DD700DF5A56A0DF11C0BC4F8CC00A1
:102878000920C2F22001C0F2000684F8E450C4E93D
:102888002F10C4F8C450C4E92B55C4F8B450C4F888
:10289800A450069807F0A2FA002D40F0A88107F08E
:1028A800BAFA044607F0A5FA45F20000E207C2F2B8
:1028B8000000016806D1002940F0AF81466007F0AA
:1028C8009AFA03E0002940F0A88146604EF20C1005
:1028D8004FF40031CEF200000160C0F8001148F258
:1028E800FC20C2F20000042101600068022832D9ED
:1028F80029200322CDF8580540F65C10C2F22000CA
:1029080040F67011CDF854051520CDF848251B2246
:10291800CDF85005C2F22001CDF838053720CDF8A2
:10292800442540F2E002CDF82C050120C2F2200235
:10293800CDF82805CDF84C15A7F11800CDF83415B9
:102948000DF5A561CDF840250022CDF83C25CDF840
:10295800302502F0D1FA0BF11C0004F096FD0AF1C3
:1029680008049FEDE90A80460E46204602F0D8FB8F
:1029780042F210000AEB00054FF48061284609F086
:10298800FFF8CDF82C6542F210400AEB0006CDF8AE
:102998002885304602F096FB10B107F028FAFCE7CC
:1029A80044F20800BFEE009AC4F23800B7EE00AA5D
:1029B800016847F2D01809F1440A9FEDD48A41F022
:1029C80000410160DDF828050121069040F2FF7BF7
:1029D800DDF82C05C0F218089FEDCDBA00F01F00F5
:1029E80001FA00F0059004E007F001FA404607F00C
:1029F80004FA99ED010A6FF07F0099ED001A51462B
:102A080088EE000A30EE011AB4EE4A1A31EE092AAD
:102A1800F1EE10FAB8BFB0EE412A30EE021A22EEFB
:102A28000B2AB4EE4A1A31EE093AF1EE10FAB8BFA1
:102A3800B0EE413A30EE031AB4EE4A1A31EE094AC2
:102A4800F1EE10FAB8BFB0EE414A30EE041A24EEA7
:102A58000B4AB4EE4A1A31EE095AF1EE10FAB8BF31
:102A6800B0EE415A30EE051AB4EE4A1A31EE096A50
:102A7800F1EE10FAB8BFB0EE416ABCEEC21A23EE0E
:102A88000B2A11EE102ABCEEC22A30EE061AB4EE5A
:102A98004A1A31EE097A5A4528BF5A4604EB82028F
:102AA800F1EE10FA92ED003A12EE102ABCEEC42AAA
:102AB80001ED0E3A26EE0B4A01ED0F3AB8BFB0EE23
:102AC800417A25EE0B3ABCEEC33A5A4528BF5A461E
:102AD80004EB820292ED001A12EE102A01ED0C1A94
:102AE80001ED0D1A30EE071AB4EE4A1A31EE095A02
:102AF8005A4528BF5A4604EB8202F1EE10FA92EDCD
:102B0800002A13EE102A27EE0B3A01ED0A2A01EDEE
:102B18000B2ABCEEC42AB8BFB0EE415ABCEEC33A89
:102B28005A4528BF5A4604EB820292ED001A12EE6B
:102B3800102A30EE052A01ED081A25EE0B5A01ED90
:102B4800091AB4EE4A2A32EE091A5A4528BF5A46DB
:102B580004EB8202F1EE10FA92ED004A13EE102A0D
:102B6800BCEEC53A01ED064A01ED074AB8BFB0EE22
:102B7800421A5A4528BF5A4604EB820292ED002AAF
:102B880013EE102A01ED042A01ED052A21EE0B2A85
:102B9800BCEEC22A5A4528BF5A4604EB820292ED7F
:102BA800003A12EE102A01ED023A01ED033A5A45B5
:102BB80028BF5A4604EB8202083092ED002A81EDC4
:102BC800002A01ED012A01F140017FF41BAF3046D4
:102BD80029464FF4807289ED001A02F0ADF90028F9
:102BE8007FF402AFDDE90510C0F88410FEE60DF5AC
:102BF800A56040F6881380E8600140F6B010C2F284
:102C08002000009040F698100DF5A562C2F2200051
:102C1800C2F22003162107F0D1FF40F6C010C2F21D
:102C2800200007F045FF40F6AC00C2F2200007F094
:102C38003FFF40F63C0040F69C02C2F22000C2F280
:102C48002002202107F09DFF40F2BC70C2F2200054
:102C580007F02EFF40F6EC00C2F2200007F028FF34
:102C680040F6DC00C2F2200007F022FF40F6CC005C
:102C7800C2F2200007F01CFF40F6BC00C2F22000A0
:102C880007F016FF40F63C108DF82815C2F2200018
:102C980010E040F2CC7040F2EC72C2F22000C2F2B6
:102CA80020021F2107F06DFF40F64C108DF82845D3
:102CB800C2F2200040F6FC03009040F62C100DF5FF
:102CC800A562C2F22000C2F220030F2107F076FFAE
:102CD80040F61C108DF82845C2F2200005E040F6A9
:102CE8000C108DF82815C2F2200040F6FC03009065
:102CF80040F2FC700DF5A562C2F22000C2F220037A
:102D0800202107F05BFF00BF00803B470000DC4349
:102D18000000004580B56F46007840F61C020B465F
:102D280040F68C21C2F22001C2F2200251F8201094
:102D380052F820201846BDE8804007F03CBC80B51A
:102D48006F46084640F67021C2F220011222BDE803
:102D5800804007F030BC80B56F46FFF7DFFAF0B56A
:102D680003AF2DE9000FADF5257D8B46044601F133
:102D7800340038310BF1540204F0AAF8DBF8C8002B
:102D880004F0BFFDDBF82801016841F00101016092
:102D9800DBF82811086820F0020008600020C1F85C
:102DA8000801C1F81801C1F828012091C1F83801BB
:102DB800DBF8C0A0DAF8000020F00100CAF8000033
:102DC800DAF8000040F40040CAF80000DAF8000021
:102DD80000040CD5DAF80000000444BFDAF800005B
:102DE8005FEA004003D5DAF800000004EED43F2083
:102DF800CAF80800DAF8000020F00100CAF800005C
:102E0800DBF8C460306820F001003060306840F4BE
:102E1800004030603068000409D53068000444BFC1
:102E280030685FEA004002D530680004F2D43F20E1
:102E380040F26341B060306820F001003060DBF898
:102E48000050DBF85C011F90A86C40F00100A864FA
:102E5800686C08436864686C012161F383006864E6
:102E6800686C20F080006864A86C40F02000A864BA
:102E7800686C40F440406864686C40F4447068646E
:102E8800A86C40F08000A864A86D000709D0A86D60
:102E980000071CBFA86D5FEA007002D0A86D00078C
:102EA800F2D1A86C40F2634140F02000A864686C3D
:102EB80020F440406864686C20F4447000F5887021
:102EC8006864DBF80480D8F8480040F00100C8F8CE
:102ED8004800D8F844000843C8F84400D8F844002B
:102EE800012161F38300C8F84400D8F8440020F0B9
:102EF8008000C8F84400D8F8480040F02000C8F81E
:102F08004800D8F8440040F44040C8F84400D8F8D5
:102F1800440040F44470C8F84400D8F8480040F031
:102F28008000C8F84800D8F8580000070CD0D8F836
:102F3800580000071CBFD8F858005FEA007003D09B
:102F4800D8F858000007EED1D8F8480002214FF40D
:102F5800805240F02000C8F84800D8F8440020F417
:102F68004040C8F84400D8F8440020F4447000F504
:102F78008870C8F84400DBF87C91D9F8000040F468
:102F88008030C9F80000D9F8000040F04000C9F8C6
:102F980000002220C0F20F00C9F8040040F2685077
:102FA800C0F20C10C9F8200040F29510C0F2B2002F
:102FB800C9F82400DC20C0F27A00C9F828007D2076
:102FC800C0F25800C9F82C004B20C0F24000C9F8E4
:102FD80030002F20C0F22E00C9F83400C9F838009C
:102FE80046F62010C9F80C0040F6A310C9F80800EE
:102FF8004FF4C840C9F81C004FF4C860C9F818005D
:1030080040F6C410C0F68040C9F810003F20C9F847
:103018001400D9F8000061F30100C9F80000D9F8DC
:10302800000020F48030C9F80000D9F87C00DBF8F3
:10303800681121A804F068FCDBF89C000F90DBF80D
:10304800A4000A90DBF8A8000690DBF8AC00059015
:10305800DBF884010490DBF890010390DBF8980119
:10306800DBE91712029025A804F0E1FBDBE90D105B
:10307800DBF830211E90DBF854001D90DBF880004F
:103088000C90DBF8E0001B90DBF8E8001A90DBF806
:10309800F0001990DBF8F4001890DBF8F8001790AE
:1030A800DBF8FC001290DBF800011690DBF8040155
:1030B8001490DBF808011390DBF80C011190DBF891
:1030C80010011590DBF814010E90DBF818010D9033
:1030D800DBF81C011090DBF884000990DBF888000D
:1030E8001C910F2108904FF470400B92A2F88C01AC
:1030F800A2F88E11DBF834210792A2F88C01A2F80D
:103108008E11DBF838210192A2F88C01A2F88E11F9
:10311800DBF83C210092A2F88C01A2F88E1125A9B7
:1031280006984FF400722062059860620498A062C5
:103138000398E062029820632098C4E904A6DBF8AB
:10314800CCA0C4E90000C4E902000F98A0610A9865
:10315800E061DBF84C012090DBF850010F9004F59A
:10316800A270DBF854B107F0D1FF1F99009B01F161
:103178003400503103F16002C4E9D11004F1D400E5
:1031880080E8200303F5907003F1C001C4F8C4007F
:103198000C98C4F8C8000998C4F8CC000898C4F87A
:1031A800D0000798C4E92D3300F5907300F1C005ED
:1031B80000F16006C4E92300129860650E98A065C6
:1031C8001198E06514982066139860661098A066B8
:1031D8001698E066159820671C98C4E92F21019974
:1031E80060631E9801F1C00EA06301F160021D9892
:1031F80001F5907CE0631B98C4E9273104F1A4032E
:1032080020641A9883E806400B9B6064199803F1C0
:103218006002A06403F1C0011898C4E9256503F5AC
:103228009075E0641798206504F1E0000D9EC4E9EC
:1032380021154021C4F8B0C0C4E91D63C4E91F3298
:1032480008F09EFC21AE102004F5907CC4F840A143
:103258004ECE8CE84F002098C4F834010F98C4E98A
:103268004E0B0DF5257DBDE8000FF0BDF0B503AFA1
:103278004DF804BD8268012A2ED1C3684269934281
:1032880050D20569D0F818C0EC5C0134EC540CF14C
:10329800020494421CD80CF580739646934238BFBA
:1032A8009E46A34236D3AEEB0403052B10D38B798D
:1032B80091F807E00E7A89882B552B199970090A1D
:1032C8005E7083F804E0D9700CF10703934207D9C4
:1032D80002205DF804BBF0BD07205DF804BBF0BD1B
:1032E800944528D2072105F80C100CF101019142F0
:1032F8003FBF05226A54836108203CBF5DF804BBC8
:10330800F0BD40F6BC230846C2F2200311461A4617
:1033180007F07CFC40F6CC232046C2F2200371461D
:1033280007F0EAFB40F6DC241846C2F220041146F6
:10333800224607F06BFC40F6AC236046C2F220033D
:1033480011461A4607F062FCD0B502AF84B0018876
:10335800062911D181690968BFF35F8F79B100230C
:10336800827F009302AB04461846012305F088FECD
:103378000820208004B0D0BD072004B0D0BD40F69E
:10338800683040F68C32C2F22000C2F220022221BC
:1033980007F050FCF0B503AF4DF804BD86B0044605
:1033A80008880D46411E032927D3052825D007285C
:1033B80032D1D5F8AC00D5F8063069898028D5F81F
:1033C8000220ADF80C10CDE901236BD8E968096833
:1033D800BFF35F8F00295AD0C0F18003AA7C28442C
:1033E800009300F1240304A805F08DFC9DF810005B
:1033F800C0B39DF81100D8B92EE0E8680168BFF3A2
:103408005F8F002943D0AA7C04A8002601230096D8
:1034180005F079FC2E801FE0E8680168BFF35F8F34
:10342800A9B30020AA7C009004A8012305F06BFC36
:10343800E868092129800068BFF35F8F38B3A97C49
:10344800012205F073FBA8690068BFF35F8FF0B134
:10345800A97F012205F06AFB0420607206B05DF8BE
:1034680004BBF0BD0598D5E92B120844C5F8AC009B
:103478009042F1D3DDE901010623BDF80C202B8031
:1034880020606160228106B05DF804BBF0BD40F6A3
:10349800683040F68C32C2F22000C2F220022221AB
:1034A80007F0C8FB40F6EC238021C2F220038022FB
:1034B80007F022FBF0B503AF2DE9000F83B00446F7
:1034C800C8680D460168BFF35F8F002900F08E8041
:1034D8008020AA7C009005F1240301A805F013FCC4
:1034E8009DF80400012803D19DF8050050BB3FE07A
:1034F8000299812980F08580082923D1E86895F808
:103508002410B5F82AB0D5F8268001F01F0295F8E6
:103518002590042A006828BF0422BFF35F8F002883
:1035280064D0C1F3411301F08006A97C42EA032A62
:10353800002205F0FBFA0EBBBBF1000F36D0BBF141
:10354800800F44D9E868092129800068BFF35F8F9C
:1035580000284BD0A97C012205F0E8FAA869006888
:10356800BFF35F8F002841D0A97F012205F0DEFA62
:103578000420607203B0BDE8000FF0BD0420A5F878
:103588000AA06E7285F80890A5F806B0C5F8028002
:103598002880A4F808A0E67184F80690A4F804B07E
:1035A800C4F8008003B0BDE8000FF0BD0620A4F801
:1035B80008A028800020C5F8B000E07184F80690C3
:1035C800A080C4F8008003B0BDE8000FF0BD002063
:1035D800A5F80AA0C5E92B0B6872072085F80890A2
:1035E800A5F806B0C5F802802880C1E740F6683023
:1035F80040F68C32C2F22000C2F22002222107F0EB
:1036080019FB40F6FC230020C2F22003802207F0B9
:1036180073FAD0B502AF84B00446D0E929C2D0F815
:10362800AC00D4F8B010BCF1000FA38B08BF802207
:10363800091A994238BF0B46191828D2914226D840
:10364800A1690968BFF35F8F39B3A27FBCF1000F8E
:10365800009308BF04F1240C0CEB000302A805F04A
:103668000FFD9DF8080080B90398D4E92B12014496
:10367800C4F8AC10914208D30021A28BC4F8A4105E
:103688000321904208BF0221218004B0D0BD40F63A
:103698000C33C2F2200307F02FFA40F6683040F6E8
:1036A8008C32C2F22000C2F22002222107F0C2FAB4
:1036B800B0B502AF84B001880139072939D8DFE8ED
:1036C80001F0041C0A3838383832FFF7A2FF00240A
:1036D800204604B0B0BDC1680A68BFF35F8F002AF6
:1036E80041D0817C054610460022002405F01EFAD0
:1036F80005202880204604B0B0BD81690968BFF361
:103708005F8F81B3827F054602A8002401230094BD
:1037180005F0B6FC9DF80800002804BF03202880A7
:10372800204604B0B0BD002101240180204604B029
:10373800B0BDC168092202800A68BFF35F8F92B1E9
:10374800817C04461046012205F0F0F9A069006862
:10375800BFF35F8F38B1A17F012205F0E7F900249C
:10376800204604B0B0BD40F6683040F68C32C2F254
:103778002000C2F22002222107F05CFAF0B503AF64
:103788002DE9000788B004460088042848D1D1E90B
:10379800000680228D680021059204F1240206911A
:1037A80004928DF81C100291009101686846B4F8E3
:1037B800068005F009FFC0B208282DD18DB106EBAF
:1037C800C505E9464FF0000AD6E90001CA6849462E
:1037D8009047C1B208291FD10836CDF808A0AE42DB
:1037E800F2D1684605F0D8FF069880281DD9E06810
:1037F800092121800068BFF35F8F30B3A17C0122CB
:1038080005F094F9A0690068BFF35F8FE8B1A17F64
:10381800012205F08BF9022008B0BDE80007F0BDD1
:10382800072008B0BDE80007F0BD01220021228072
:10383800404538BF80462046C4E92B18FFF7E9FE0B
:10384800082008B0BDE80007F0BD40F6683040F633
:103858008C32C2F22000C2F22002222107F0EAF9DB
:103868000288042A1CBF07207047F0B503AF4DF843
:1038780004BD4C68802C03D902205DF804BBF0BD60
:10388800096800F12402C68805461046224607F05A
:10389800C4FA0020B44238BF2646C5E92B060120E9
:1038A80028802846FFF7B5FE08205DF804BBF0BD68
:1038B800B0B502AF88B00446008804282DD1D1E9FC
:1038C80000120020802306908DF81C0002900090C2
:1038D8006846059304F12403E588049306F0B4F8D8
:1038E800C0B2082817D10698802819D9E06809219C
:1038F80021800068BFF35F8F00B3A17C012205F02F
:1039080015F9A0690068BFF35F8FB8B1A17F0122E4
:1039180005F00CF9022008B0B0BD072008B0B0BD12
:10392800012200212280A84238BF05462046C4E96A
:103938002B15FFF76EFE082008B0B0BD40F66830C2
:1039480040F68C32C2F22000C2F22002222107F097
:1039580071F9B0B502AF88B00446008804282CD1AC
:1039680009680020802206908DF81C0002900090C3
:103978006846059204F12402E588049205F0C7FF21
:10398800C0B2082817D10698802819D9E0680921FB
:1039980021800068BFF35F8F00B3A17C012205F08E
:1039A800C5F8A0690068BFF35F8FB8B1A17F012295
:1039B80005F0BCF8022008B0B0BD072008B0B0BDC3
:1039C800012200212280A84238BF05462046C4E9CA
:1039D8002B15FFF71EFE082008B0B0BD40F6683072
:1039E80040F68C32C2F22000C2F22002222107F0F7
:1039F80021F9B0B502AF8AB004460088042833D153
:103A0800002080210790A7F10A028DF820000223E8
:103A18000390019040F20940069104F1240127F82F
:103A28000A0C01A805910321E58805F021FFC0B221
:103A3800082817D10798802819D9E068092121801A
:103A48000068BFF35F8F00B3A17C012205F06EF818
:103A5800A0690068BFF35F8FB8B1A17F012205F0AC
:103A680065F802200AB0B0BD07200AB0B0BD012237
:103A780000212280A84238BF05462046C4E92B15FC
:103A8800FFF7C7FD08200AB0B0BD40F6683040F621
:103A98008C32C2F22000C2F22002222107F0CAF8BA
:103AA800F0B503AF2DE9000B8CB00446008804285C
:103AB80046D100200D46079080218DF8200016463B
:103AC80003900190099001A80B9009A8069104F1B0
:103AD8002401B4F80680059106F0E2F8C0B208287F
:103AE8002AD176B105EBC6060DF12409D5E9000106
:103AF8000A6949469047C1B208291DD10835B5421F
:103B0800F4D109A806F025F9079880281DD9E0689E
:103B1800092121800068BFF35F8F30B3A17C0122A7
:103B280005F004F8A0690068BFF35F8FE8B1A17FD2
:103B3800012204F0FBFF02200CB0BDE8000BF0BD31
:103B480007200CB0BDE8000BF0BD01220021228047
:103B5800404538BF80462046C4E92B18FFF759FD79
:103B680008200CB0BDE8000BF0BD40F6683040F608
:103B78008C32C2F22000C2F22002222107F05AF849
:103B8800D0B502AF0446C068092121800068BFF3A0
:103B98005F8F78B1A17C012204F0C8FFA06900689A
:103BA800BFF35F8F00281FBFA17F0122BDE8D0406F
:103BB80004F0BCBF40F6683040F68C32C2F22000F8
:103BC800C2F22002222107F035F8F0B503AF2DE943
:103BD800000F81B0146880460122BFF35F8F04F2A2
:103BE8001146D6E84F0FC6E8432F002BF9D1BFF393
:103BF8005F8F20B1012001B0BDE8000FF0BDD4F8FF
:103C08000004BFF35F8FD4F80424BFF35F8F9042A2
:103C180004D2C34312EB030A0BD177E0B0F5806FEF
:103C280005D1012A72D9A2F1010A002001E0C0F5EC
:103C3800806AD146514538BF89468B4609EB000159
:103C48002044BFF35F8FC4F80C1441464A4607F07E
:103C5800E4F894F8110404F20C45BFF35F8F58B3ED
:103C6800D4F80004BFF35F8FBFF35F8F55E8001FE0
:103C780045E80012002AF9D1BFF35F8FB0F5806FD5
:103C8800D4F80824BFF35F8FD4F80C14BFF35F8F08
:103C980001D0814203D3914205D94FF48060BFF32C
:103CA8005F8FC4F80804BFF35F8FC4F800140020C6
:103CB800BFF35F8F84F81104D3456BD908EB090172
:103CC800ABEB090C0123BFF35F8FD6E84F2FC6E893
:103CD800403F0028F9D1002ABFF35F8F7FF48AAFF5
:103CE800D4F80034BFF35F8FD4F80424BFF35F8F98
:103CF800934203D2D843121813D107E0B3F5806F6B
:103D08000DD1012A02D9013A00230AE0002000213E
:103D1800BFF35F8F317001B0BDE8000FF0BDC3F590
:103D28008062944538BF6246D018BFF35F8FC4F8ED
:103D38000C04E01807F071F894F81104BFF35F8FD2
:103D480040B3D4F80004BFF35F8FBFF35F8F55E82B
:103D5800001F45E80012002AF9D1BFF35F8FB0F5C4
:103D6800806FD4F80824BFF35F8FD4F80C14BFF326
:103D78005F8F01D0814203D3914205D94FF480600F
:103D8800BFF35F8FC4F808040320BFF35F8FC4F844
:103D98000014BCE7032001B0BDE8000FF0BD80B5FA
:103DA8006F46002080BD80B56F4680BD80B56F46E8
:103DB800082080BD80B56F4680BDF0B503AF4DF8D3
:103DC80004BD84B048F2CC140D460646D0E9000183
:103DD8004B6AC2F2000421462A469847208840F0E0
:103DE800020106291CD1697AF1B1218841F002004B
:103DF800062815D1E068092121800068BFF35F8F8C
:103E0800002872D0A17C012204F090FEA06900680D
:103E1800BFF35F8F002868D0A17F012204F086FEDF
:103E280004B05DF804BBF0BD2A7AA9790AB3012A67
:103E380010D0022A08BF0029D7D16988D4F8DC003D
:103E480001F08F0104F0BFFD21880429CED1A084A0
:103E5800002025E001B30A2908BF0428C5D1E1885C
:103E68000020012284F824002280002918BF0121A3
:103E78001CE039B306291FD00829B6D194F8E2000E
:103E880001210391A7F11A0102380291B0FA80F0DA
:103E9800400907F81A0C23E00428A6D10020A084C2
:103EA800E18801222280022928BF0221C4E92B01CE
:103EB8002046FFF7AEFB98E76A883046298800F06D
:103EC800D5F892E794F8E000022294F8E110039202
:103ED800A7F11A0240000292C0B2084327F81A0C50
:103EE80002A92046FFF7BCFC7FE740F6683040F6A1
:103EF8008C32C2F22000C2F22002222106F09AFE81
:103F0800B0B502AF84B048F2CC140B6AC2F2000418
:103F1800154621469847228842F0020006282AD1F1
:103F2800697A51B3228842F00200062823D1E0685A
:103F3800092121800068BFF35F8F88B1A17C01222D
:103F480004F0F4FDA0690068BFF35F8F00281FBF6D
:103F5800A17F012204B0BDE8B04018BF04F0E6BD5F
:103F680040F6683040F68C32C2F22000C2F22002DD
:103F7800222106F05FFE04B0B0BD2B7A95F806C08A
:103F880029885BB3012B12D0022BCED1BCF1010FD3
:103F980035D0BCF1030F08BF0029C6D169880122BA
:103FA800D4F8DC0001F08F0104F0C0FD50E0BCF152
:103FB8000B0F08BF0029B8D1062AB3D1A069016840
:103FC800BFF35F8F0029CBD0A27F0020009002A80A
:103FD800012305F055F808202080A3E7ACF1010380
:103FE800082BA2D8DFE803F006052105170505050B
:103FF80028009AE701297FF498AF002019E00029EA
:104008007FF493AF69880022D4F8DC0001F08F01B7
:1040180004F08CFD1CE04A1E92B27F2ABFF485AFE3
:10402800D4F8DC0004F0A7FD0FE001297FF47DAF90
:10403800012084F8E0000BE021B101297FF475AF7D
:10404800022003E094F8E21031B1012084F8E20084
:104058002046FFF779F965E706287FF464AF48F250
:10406800CC10C2F20000FFF78BFD5BE7B0B502AFE2
:1040780084B048F2CC154FF0FF34C2F2000505F1C8
:10408800B40300938BB204EB13230E2B58D8DFE84C
:1040980003F008211157575757575757575757572E
:1040A8002F0048F2CC106946C2F20000FFF751FC1D
:1040B80004B0B0BDCBB2032B3CD8DFE803F0022D2F
:1040C800252948F2CC10C2F2000004B0BDE8B04087
:1040D800FFF78FBC0121CDE902016846019048F243
:1040E800CC1001A9C2F20000FFF748FB04B0B0BD34
:1040F80048F2CC120146C2F200021046012204B076
:10410800BDE8B040FFF7CCBCD5E92F0138B917E0BE
:10411800D5E9310118B913E0D5E92D0180B1CDE910
:10412800010148F2CC1001A9C2F20000FFF7C0FB60
:1041380004B0B0BDD0E900035B6998470028EED110
:10414800288840F00200062823D1E8680921298040
:104158000068BFF35F8F88B1A97C012204F0E6FCF8
:10416800A8690068BFF35F8F00281FBFA97F0122DD
:1041780004B0BDE8B04018BF04F0D8BC40F66830C1
:1041880040F68C32C2F22000C2F22002222106F050
:1041980051FD04B0B0BD80B56F460A46D0E90001B4
:1041A800BDE8804005F042BE80B56F460068BDE8B6
:1041B800804006F053BD80B56F460021C1858171EE
:1041C800082181804FF4FA51016080BDF0B503AF3A
:1041D8002DE9000F8BB040F69C3048F2CC1A48F21B
:1041E800B428C2F22000C2F2000A0290C2F200080B
:1041F80008F10800DAF8DC10019003A804F0FFFCCD
:104208009AF8E210BDF80C0003290FD100284FF0EE
:10421800000918BF032810D09AF8E310042900F009
:10422800868204228AF8E2108AF8E3204FF0000917
:10423800DFE800F0036889330300DAF8DC6096F8F9
:104248003400012834D13068002840F05F82306A99
:104258004FF0FF313160D0F84411C9014CD54FF00F
:104268008071C0F84411D0F84421D20140F1DC80BB
:10427800C0F84411D0F84421D20142BFC0F844111B
:10428800D0F844215FEAC21240F1CE80C0F8441150
:10429800D0F84421D201E4D4C6E003208AF8E31020
:1042A8008AF8E200DAF8DC6096F834000128CAD00F
:1042B80005F0B1FD044605F09CFD3068E10710D11A
:1042C800002840F02382306A4FF0FF313160D0F887
:1042D8004411C9015CD4D0F88400C043C50F002044
:1042E80074E0002840F01282306A4FF0FF313160EC
:1042F800D0F84411C9017CD4D0F88400C043C50F5C
:10430800002094E0DAF8DC0004F022FD4FF480602D
:104318008AF8E490AAF8E2000820A8F80C004FF404
:10432800FA508AF8E090AAF80090A8F8369088F831
:104338000E90C8F80800DAF8DC6096F83400012816
:104348003FF481AFB4E7BDF80E90BDF810B0BDF8EA
:1043580012504BEA090040EA0506F00700F09F8179
:104368005FEACB7005D048F2CC10C2F20000FFF72C
:104378009FF9E80740F0D0805FEAC97000F08D81AE
:1043880048F2CC1105A8C2F20001FFF703F8CAE011
:104398004FF08071C0F84411D0F84421D20112D5F1
:1043A800C0F84411D0F84421D20142BFC0F84411EA
:1043B800D0F844215FEAC21205D5C0F84411D0F8FC
:1043C8004421D201E6D4306801250130306005F07F
:1043D80012FD98F800009AF8E21002292ED0002861
:1043E80066D0DAF8DC5095F83400012835D1286811
:1043F8004EE04FF08071C0F84411D0F84421D2014A
:1044080012D5C0F84411D0F84421D20142BFC0F8F7
:104418004411D0F844215FEAC21205D5C0F844110E
:10442800D0F84421D201E6D430680125013030604B
:1044380098F800009AF8E2100229D0D1002840F03C
:104448009A80DAF8DC0004F0A6FADAF8DC6096F86C
:104458003400012833D1306846E005F0DCFC04461E
:1044680005F0C7FC2868E10712D1002840F04E810A
:10447800286A4FF0FF312960D0F8841021F00041FC
:10448800C0F8841028680130286005F0B4FC0FE0FB
:10449800002840F03B81286A4FF0FF312960D0F8AE
:1044A800841021F00041C0F8841028680130286089
:1044B800002088F800000BB0BDE8000FF0BD05F043
:1044C800AAFC044605F095FC3068E1070CD10028E9
:1044D80040F01C81306A4FF0FF313160D0F848114C
:1044E800C9013AD4002040E0002840F00F81306A2A
:1044F8004FF0FF313160D0F84811C90102D40020D3
:10450800306035E0D0F8841041F00041C0F88410E4
:104518003068013030602BE048F2CC1105A8C2F2B7
:104528000001FEF7C7FF9DF81D00042800F0B580C4
:104538009DF81B00002800F0A380802840F0AD8083
:10454800DDE90512BDF81C00ADF8280001A8CDE989
:10455800081208A9FFF731FC9FE0D0F8841041F059
:104568000041C0F8841030680130306005F043FC29
:10457800012088F80000D8F81C000168BFF35F8F9D
:10458800002900F0C980002098F82220009008A88F
:10459800012349EA0504012504F0B5FBE0070ED024
:1045A800D8F80400BFF35F8F00F58264D4E84F1F8A
:1045B800C4E8425F002AF9D1BFF35F8F19B10BB08D
:1045C800BDE8000FF0BDD0F80014BFF35F8FD0F83E
:1045D8000824BFF35F8FD0F8043400F20445BFF31A
:1045E8005F8F934205D199423EBFBFF35F8F00238F
:1045F8002B60994228BF0A469A4239D0D8F8281029
:104608000968BFF35F8F002900F08680D61A98F8F2
:104618002E20034408A8B446402E28BF4FF0400C73
:10462800CDF800C004F02CFD9DF8200001280DD124
:104638002078BFF35F8F0028C1D0BFF35F8F55E8A4
:10464800000F45E800010029F9D111E00998217807
:10465800BFF35F8F0029B2D0B04238BF0646BFF320
:104668005F8F55E8000F304445E800010029F8D174
:104678000020BFF35F8F20700BB0BDE8000FF0BDC6
:10468800BDF81C20DDE90101ADF8282008AADDE904
:104698000534CDE90834FFF733FC26F001061EB3D4
:1046A8004FF00208012418EA050F01D0282103E081
:1046B80018EA090F05D02C21DDE9010252582146DC
:1046C800904718EA0B0F05D0DDE901010A6B64F089
:1046D8007F01904726EA0806300405D0601C0F2C9D
:1046E8004FEA48080446DED1DDE90101C969884777
:1046F80048F2B4284FF00109C2F20008DAF8DC6089
:1047080096F8340001283FF49EADD1E540F62C30F0
:10471800C2F2200006F0CCF940F6683040F68C3240
:10472800C2F22000C2F22002222106F083FA40F6EB
:104738003C3040F65832C2F22000C2F220021C215E
:1047480006F01FFAF0B503AF4DF804BD82B00022A1
:104758008029019203D28DF80410012430E04FF62D
:10476800FE760B46C0F2FF368A0966F39F13B1F551
:10477800006F07D242F0C0018DF805308DF80410A3
:1047880002241DE066F39F120D0B0024B4EB114FB9
:1047980007D145F0E0018DF806308DF80520032497
:1047A8000CE06FF00F0444EA9141042466F39F156E
:1047B8008DF807308DF806208DF805508DF8041017
:1047C800066805F000FB0546B068B8B94FF0FF3041
:1047D80006F10C02B06001A82146FFF7F6F904467D
:1047E800B0680130B060284605F0F8FAE0B2033846
:1047F80018BF012002B05DF804BBF0BD40F6E830F8
:10480800C2F2200006F054F980B56F4613460A46F6
:1048180040F6D031C2F22001BDE8804005F002BC6C
:10482800F0B503AF4DF8048D15460E46046805F043
:10483800CAFA8046A068B0B94FF0FF3004F10C0204
:10484800A06030462946FFF7C0F90546A068013048
:10485800A060404605F0C2FAE8B2033818BF01204C
:104868005DF8048BF0BD40F6E830C2F2200006F097
:104878001FF9F0B503AF2DE9000F8BB0804648F261
:10488800FC20D1F82090C2F20000006881451FD8B2
:10489800D8F804008A46F8B1D8F8001000EB4000B8
:1048A800DAE909B50C1D860002E00C340C3E0FD085
:1048B8002068A842F9D154F8040C59462A4606F053
:1048C80045FA0028F1D16068062818BF814505D946
:1048D8000BB0BDE8000FF0BDDAE909B50AF12C000C
:1048E800049041F6F96040F6D031C0F2000040F281
:1048F800DA120A9004A8099041F6E760C0F20000B5
:1049080005AB089002A8079042F62540C0F20000C7
:10491800C2F22001069001A80590C2F22002684662
:1049280003958DE8000B05F07DFB0BB0BDE8000F8B
:10493800F0BD80B56F4680BDF0B503AF2DE9000B23
:1049480048F2FC22D1F80080C2F2000212689045B9
:1049580003D90020BDE8000BF0BD42681AB3006817
:10496800D1E90194061D02EB4200850002E00C36F5
:104978000C3DEED03068A042F9D156F8040C4946F7
:10498800224606F0E3F90028F1D17068002180453D
:10499800A0F10600B0FA80F098BF01214009084351
:1049A800BDE8000BF0BD0120BDE8000BF0BDD0B59F
:1049B80002AF537A012B07D1137A012B02BF90F86B
:1049C8002C3054889C4200D0D0BD9379212B04BF51
:1049D8009288072A28D0088840F002000628F3D1D8
:1049E800C86809220A800068BFF35F8F88B18A7C93
:1049F8000C461146012204F099F8A0690068BFF33B
:104A08005F8F00281FBFA17F0122BDE8D04004F0BE
:104A18008DB840F6683040F68C32C2F22000C2F2FF
:104A28002002222106F006F90A88042A18BFD0BD00
:104A3800CA88002390F804C0012490F805E0072AEA
:104A4800C1F8AC3083790068486208460C8081F868
:104A5800283081F829E081F82AC028BF0722C1F848
:104A6800B020BDE8D040FEF7D4BDD0B502AF84B0C9
:104A7800537A012B07D1137A012B02BF90F82C30FF
:104A880054889C4201D004B0D0BD9379002B5BD0F0
:104A9800202B0ED0222B2CD112780B8802F0010487
:104AA80080F82E40C2F34002062B80F82F20EAD16E
:104AB8004DE0D1F8B020812A5CD2062A19D991F8A4
:104AC800282091F8294091F82AE0032A4B6AB1F886
:104AD80000C003604FF0000380F804E028BF1A46C6
:104AE800052C827138BF2346BCF1060F4371CAD129
:104AF8002DE0088840F002000628C4D1C8680922C1
:104B08000A800068BFF35F8F98B18A7C0C46114613
:104B1800012204F00BF8A0690068BFF35F8F00283A
:104B28001FBFA17F012204B0BDE8D04018BF03F029
:104B3800FDBF40F6683040F68C32C2F22000C2F267
:104B48002002222106F076F8088806289BD1886979
:104B58000368BFF35F8F002BEBD08A7F00200090A3
:104B680002A80C461946012304F08AFA082020807E
:104B780004B0D0BD40F61C331146C2F22003002019
:104B8800802205F0B9FFF0B503AF4DF8048D84B06D
:104B980090F82C60804600250220CDE900050C46DF
:104BA800084631460222022304F007FEC0B2082854
:104BB80063D12046314602220223009504F0F0FF1B
:104BC800C0B2082859D140F6F8322046C2F2200275
:104BD8002421032304F04CFEC0B208284DD140F232
:104BE80035422046C2F220022421022304F040FE6E
:104BF800C0B2082841D10620A7F1160207F8156CA3
:104C0800242198F82D60032307F8160C204607F88E
:104C1800146C04F02DFEC0B208282ED10120A7F193
:104C2800130227F8130C20462421032307F8116CDC
:104C380004F01EFEC0B208281FD108F10801204662
:104C4800FEF714FBC1B2082917D1002031460090A5
:104C580020460A22002304F0A3FFC0B208280CD182
:104C680008F120012046FEF701FBC1B2082904D152
:104C780008F114012046FEF7F9FA04B05DF8048B38
:104C8800F0BDD0B502AF48F2EC220C46D1E90113D1
:104C9800C2F200024FF0000CD06082E80A1040F621
:104CA800FC31C2F22001104600F0C5F8002801BF0F
:104CB800216848F2FC22C2F200021160D0BD80B522
:104CC8006F4692B0019044F2B820C2F20000002171
:104CD800D0E84F2FC0E8431F002BF9D17AB348F230
:104CE800FC20C2F20000006848B342F67930642321
:104CF800C0F200000B93039001A8029002A840F2B2
:104D0800E913109040F2B320C2F22003C2F220004F
:104D180040F614410F900D200A930023C2F220019F
:104D280001220E90CDE90803C920CDE90420781EA0
:104D38000D91CDE9063104A90C9200F0DDF800F0E0
:104D480000F880B56F4648F248100521C4F21F00EC
:104D58004BF2004301603821C0F8F0114CF26C00AE
:104D6800C4F20A0041F6004E01684EF6004CC0F24B
:104D7800C443C0F64E6E21F0080101604CF2840075
:104D8800C2F2601CC4F21B0050F8801C41F00801FC
:104D980040F8801C082101601A46013AFDD14160A3
:104DA8001A46013AFDD101601A46013AFDD1416027
:104DB8001A46013AFDD101601A46013AFDD1416017
:104DC8007246013AFDD101607246013AFDD1416057
:104DD8001A46013AFDD101607246013AFDD141609F
:104DE8001A46013AFDD101607246013AFDD141608F
:104DF8007246013AFDD101601A46013AFDD141607F
:104E08001A46013AFDD101601A46013AFDD14160C6
:104E18001A46013AFDD101601A46013AFDD14160B6
:104E28006246013AFDD1B6E780B56F460068BDE835
:104E3800804005F035BF80B56F4648F2003E4FF020
:104E4800010CC2F2000E5EE8003F7BB94EE800C2DA
:104E5800002AF8D1BFF35F8F4FF0010CBCF1000FAF
:104E68000BD1012B22D08CF0010080BD4FF0000C3B
:104E7800BFF32F8FBCF1000FF3D044F2BC22C2F273
:104E88000002C2E900010220BFF35F8FCEF80000E4
:104E98008CF0010080BD10BFDEF80000012802BFC1
:104EA80010BFDEF800000128DDD110BFDEF80000D9
:104EB800012802BF10BFDEF800000128D3D1EAE7BD
:104EC80080B56F4680BD80B56F4680BD80B56F46A2
:104ED800002080BD80B56F46006840F64042C2F2AF
:104EE80020020B4652F8301002EBC0004268184608
:104EF800BDE8804005F074BA80B56F4648F20030CE
:104F0800C2F20000026844F2BC20BFF35F8FC2F215
:104F18000000D0E9003C40F68840022A40F6704282
:104F2800C2F22000C2F2200208BF184608BF62463B
:104F38001269BDE880401047002A00F09F80F0B554
:104F480003AF2DE9000F81B02DED088BBFEE008A6D
:104F580044F20808B7EE009A9FED58AA9FED58BA98
:104F680014468B46C4F2380805E0B4EB09040BEB91
:104F7800890B00F09080022CA14628BF4FF002094F
:104F8800012CF2D09BED011A9BED000AB4EE481AF1
:104F9800F1EE10FAB4EE480A48BFB0EE481AF1EE46
:104FA80010FAB4EE491A48BFB0EE480AF1EE10FA0A
:104FB800B4EE490AC8BFB0EE491AF1EE10FAC8BFFC
:104FC800B0EE490A21EE0A1A20EE0A0AD8F80000C3
:104FD800BDEEC12ABDEEC03AB4EE4B0AF1EE10FAAE
:104FE800B4EE4B1A12EE10AA13EE106ABCBF48F2C8
:104FF8000006CFF6FF76F1EE10FAB4EE4A1ABCBFFF
:1050080048F2000ACFF6FF7AF1EE10FAB4EE411A30
:10501800C8BF47F6FF7AF1EE10FAB4EE4A0A68BF45
:105028004FF0000AF1EE10FAB4EE400AC8BF47F696
:10503800FF76F1EE10FA68BF002680030DD44DF616
:10504800F005CFF6FF7504F0E4FED8F8000001354E
:10505800800301D4002DF6D125B3D8F800008003D1
:1050680041BF30B2C8F81800D8F800005FEA8030B5
:1050780006D50FFA8AF0C8F8180076E700207047BE
:1050880040F694400921C2F22000BDEC088B01B023
:10509800BDE8000FF0BD0020BDEC088B01B0BDE8F5
:1050A800000FF0BD40F688400C21C2F22000BDEC94
:1050B800088B01B0BDE8000FF0BD00BF00FEFF4641
:1050C800000000C7B0B502AF44F208044FF47A7587
:1050D800C4F23804206820F000402060206840F0C6
:1050E8008070206004F095FE013DFBD1206820F01F
:1050F800807020604FF0A060A0604FF48030E060C6
:1051080040F61970C0F20100206140F60070C0F648
:105118000F7060610020A065022060600020B0BDB3
:10512800F0B503AF2DE900072DED068BADF5005D59
:1051380082B00DF1040A80464FF40051B0EE408A67
:10514800504606F01DFD08F500599FED179A9FED92
:1051580017AA0024002600EE106A0AEB0405B8EE30
:10516800400A20EE090A30EE000A20EE0A0A00F092
:105178001FF804340136B4F5005F85ED000AEAD162
:1051880001A940464FF4005205F0C0FF002089ED08
:10519800018AC9F800000DF5005D02B0BDEC068B70
:1051A800BDE80007F0BD00BF0000003ADB0F494032
:1051B800F0B503AF2DE9000F81B02DED028B8AB059
:1051C80010EE104AB0EE408A204606F0E6FD24F0C4
:1051D800004240F6DB73C3F649739A4216D2B2F125
:1051E800665F25D29FEDF21AB2F5000F9FEDF12A06
:1051F800B0EE480A38EE011A28EE022A38BFB0EE9F
:10520800421A8DED061A9DED061A45E245F2D23393
:10521800C4F27B039A4256D24CF6E433C4F2160326
:105228009A4262D2002C00F169819FEDE30BDDE127
:1052380002460B4604460E4605F0B6FF22463346A4
:1052480081460D4605F0B0FF9FEDDD0B834688468D
:10525800484653EC102B294605F0A6FF9FEDDA0BC4
:1052680053EC102B06F013FD02460B4658464146F8
:1052780005F09AFF2246334606F009FD9FEDD40B50
:105288008A460190484653EC102B294605F08CFFBE
:105298009FEDD10B53EC102B06F0F9FC06460C469B
:1052A800484629464A462B4605F07EFF02460B46ED
:1052B8005846414605F078FF3246234605F074FF0C
:1052C800019A5346E2E143F2D613C4F2E2039A424A
:1052D80072D24EF6E053C4F2AF039A4272D2002C57
:1052E80000F182819FEDBE0B0AE10FF26452B4F126
:1052F800FF3FC8BF083292ED000B02460B4655EC43
:10530800106B3046294606F0C2FC02460B4606469C
:10531800884641EC180B05F047FF8DED028B0446DB
:105328009DF80F000D46029A80F080008DF80F005E
:10533800039B204605F038FF9FEDA10B81468A4666
:10534800204653EC102B294605F02EFF9FED9E0BAF
:1053580053EC102B06F09BFC02460B464846514680
:1053680005F022FF3246434606F032FA8346884665
:105378002046294622462B4605F016FF02460B46D4
:105388004846514605F010FF9FED910B06468946A9
:10539800204653EC102B294605F006FF9FED8E0B97
:1053A80053EC102B06F073FC02460B463046494678
:1053B80005F0FAFE5A4664E0D00DFE2863D938EEAF
:1053C800480A69E10FF27042B4F1FF3FC8BF0832E2
:1053D80092ED000B02460B4655EC106B3046294601
:1053E80006F055FC02460B4606460C4605F0DCFE68
:1053F80081460D46304621464A462B4605F0D4FEE6
:105408009FED6F0B82468B46484653EC102B29467E
:1054180005F0CAFE9FED6C0B53EC102B06F037FC21
:1054280002460B465046594605F0BEFE02460B465C
:105438003046214606F02BFC01908846484629460E
:105448004A462B4605F0B0FE02460B4650465946E2
:1054580005F0AAFE9FED5E0B04460E46484653EC47
:10546800102B294605F0A0FE9FEDF10B53EC102BF5
:1054780006F00DFC02460B462046314605F094FE28
:10548800019A434602E1B0EE480A06A800F0ECF99A
:1054980006989DED088B00F00300DFE810F004008B
:1054A80063010401190156EC184B20463146224687
:1054B800334605F079FE81460D46204631464A4678
:1054C8002B4605F071FE9FEDD60B8346884648466D
:1054D80053EC102B294605F067FE9FEDD30B53ECD8
:1054E800102B06F0D4FB02460B465846414605F001
:1054F8005BFE02460B4620463146BDE69FEDD80BC3
:1055080053EC102B06F0C3FB02460B4605F04CFE8D
:1055180002460B4604460D4605F046FE9FEDB60BC7
:1055280083468846204653EC102B294605F03CFE5E
:105538009FEDB30B53EC102B06F0A9FB9FEDB20BBC
:1055480006468946584653EC102B414605F02CFE7A
:1055580002460B463046494606F099FB81468A4684
:10556800204629465A46434605F01EFE9FEDA80BE5
:1055780006468846204653EC102B294605F014FEB3
:105588009FEDA50B53EC102B06F081FB02460B4652
:105598003046414605F008FE02460B46484651464D
:1055A80006F075FB06F022F880F0004072E000BFBC
:1055B8000000807B00008003182D4454FB21F9BFB4
:1055C800B2FB6E891011813F77ACCB545555C5BFDE
:1055D800A7463B8C87CDC63E74E7CAE2F9002ABFCE
:1055E800D221337F7CD912C09FED970B53EC102B3F
:1055F80006F04DFB02460B4605F0D6FD02460B466B
:1056080004460D4605F0D0FD9FED7B0B834688468A
:10561800204653EC102B294605F0C6FD9FED780B6C
:1056280053EC102B06F033FB9FED770B06468946AB
:10563800584653EC102B414605F0B6FD02460B4682
:105648003046494606F023FB81468A4620462946CD
:105658005A46434605F0A8FD9FED6D0B0646884661
:10566800204653EC102B294605F09EFD9FED6A0B52
:1056780053EC102B06F00BFB02460B463046414616
:1056880005F092FD02460B464846514606F0FFFAE1
:1056980005F0ACFF00EE100A0AB0BDEC028B01B0B9
:1056A800BDE8000FF0BD58EC186B30464146324655
:1056B800434605F079FD8DED048B04469DF81700EF
:1056C8000D46049A80F080008DF81700059B30E69F
:1056D80051EC180B02460B4605F066FD9FED460B94
:1056E80004460D4653EC102B05F05EFD9FED440B70
:1056F80053EC102B06F0CBFA81468A462046294601
:1057080022462B4605F050FD9FED3F0B8346884609
:1057180053EC102B05F048FD02460B46484651460F
:1057280006F0B5FA9FED3A0B8A460190204653ECF5
:10573800102B294605F038FD9FED370B53EC102B45
:1057480006F0A5FA06468946204629465A464346A3
:1057580005F02AFD32464B4605F026FD0246019823
:105768000B461CE751EC180B02460B4605F01CFDD6
:105778009FED210B04460D4653EC102B05F014FD4C
:105788009FED1F0B53EC102B06F081FA81468A46D9
:105798002046294622462B4605F006FD9FED1A0BAA
:1057A8008346884653EC102B05F0FEFC02460B4658
:1057B8004846514606F06BFA9FED150B8A46019054
:1057C800204653EC102B294605F0EEFC9FED120BFA
:1057D80053EC102B06F05BFA06468946204629460C
:1057E8005A46434605F0E0FC32464B4605F0DCFCE1
:1057F80002460B46019848E7815E0CFDFFFFDFBFBC
:10580800000000000000F03F423A05E15355A53F73
:105818006950EEE04293F93E271E0FE887C056BF55
:10582800B2FB6E891011813F77ACCB545555C5BF7B
:1058380074E7CAE2F9002ABF182D4454FB21194025
:10584800182D4454FB2119C0D221337F7CD9124032
:10585800182D4454FB210940182D4454FB2109C03C
:10586800182D4454FB21F93FF0B503AF2DE9000F83
:105878008BB010EE104A06460020CDE908002046FD
:1058880006F08BFA24F0004240F6DB73C4F6C953E5
:105898009A4263D29FED500B82460C4653EC102B74
:1058A80005F082FC9FED4E0B53EC102B06F0EFF940
:1058B8009FED4D0B53EC102B06F0E9F903960546C6
:1058C8000E4605F07DFA9FED4A0B81462846314683
:1058D80053EC102B05F051FE9FED470B314602901B
:1058E800284653EC102B05F05FFC02460B46504649
:1058F800214606F0CCF99FED420B04468A4628461D
:1059080053EC102B314605F04FFC9FED3F0B8046C2
:1059180002988B4653EC102B31460028284608BFC6
:105928004FF0004905F0F4FD002820465146424654
:105938005B4618BF6FF0004906F0A9F980460C468F
:105948002846314633462A46039E06F0A6F9002823
:1059580044EC108B18BF4FF0000935E0D30DFE2B37
:1059680008D902460B4605F033FF41EC100B4FF007
:10597800000929E06FF0950000EBD255A2EBC55065
:1059880006F00BFA41EC100B0020CDE9005006A8F8
:1059980008AA012101238DED060B00F039F8814694
:1059A800B4F1FF3F02DD9DED080B0DE09DED080B06
:1059B800C9F100098DED040B9DF8171081F08001E5
:1059C8008DF817109DED040B86ED020BC6F80090BC
:1059D8000BB0BDE8000FF0BD83C8C96D305FE43F70
:1059E800000000000000384300000000000038C339
:1059F800000000000000E0C100000050FB21F9BFDA
:105A080063621A61B41051BE0000C0FFFFFFDF419E
:105A1800F0B503AF2DE9000F81B02DED108BADF57A
:105A2800367D04462AA80D46A021029205F079FE8B
:105A380052A8A02105F075FE0DF5F479A02148467D
:105A480005F06FFEA2A8502106F09AF8D7F808A032
:105A58004AF6AB21C2F6AA21FA68AAF103006B1E26
:105A68009FEDE98B002650FB01F040F61421C2F2AD
:105A7800200151F822201D93129202EB0308811095
:105A880001EBD07020EAE0701590C51AB0EE480A14
:105A98004645F0EE680A4FF0000B38BF4FF0010B97
:105AA800002D0AD440F6A040C2F2200050F825008C
:105AB80006F0BDF81D9B41EC100B2AA8464500EBEB
:105AC800C60080ED000B03D25E4401354645DDD9A2
:105AD800DDF848804FF0000B9FEDCB8BB0EE489A75
:105AE8000BEB0305F0EE689A002604EBC600A91B31
:105AF80090ED000B2AA800EBC10090ED001B51ECC3
:105B0800100B53EC112B05F04FFB02460B4651ECE2
:105B1800190B06F0BCF81D9B41EC190B00229E42A4
:105B280038BF012202D216449E42DED909EBCB00CF
:105B3800C34580ED009B4FF0000038BF012002D222
:105B48008344C345CAD99FEDB20B159853EC10CBCB
:105B58000F94A0EB800B4FF27040CFF6FF700AEB6A
:105B6800CB05A5F1180405F2B13114F5396F88BFDA
:105B7800204614F5F96F98BF00F29271A6A098BF5D
:105B8800083090ED000B4FF60240CFF6FF708442CC
:105B980056EC102B20460993A8BF1E46CDF828C006
:105BA800A8BF62460591B8BF084640F6FD318C4251
:105BB8009DA338BF214640F2FE7C644588BF083368
:105BC80093ED000BA5F2174388BFA1F2FE7313945F
:105BD800B4F5806F0B93A8BF184600F2FF304FEA68
:105BE800005351EC100BBCBF31461046002205F0A3
:105BF800DBFACDE90710A2A901EB88009FED8EDB47
:105C080008380E90C5F12F009FED8DEB00F01F00B6
:105C18000D90C5F130009FED8CFB00F01F000C903B
:105C2800081D049001F108000690081F1190A9F1C1
:105C380008009FED879B9FED74BB9FED878B9FEDC1
:105C480088CB16904FEACB00019009EBC800B8F159
:105C5800000FCDF8508090ED00AB7AD01199C24674
:105C68001C9151EC1ABB53EC182B1991584605F0AE
:105C78009BFA06460D4605F0A3F853EC1F2B044685
:105C880030462946CDE9172305F077FC53EC192B4C
:105C9800002830462946CDE91A2308BF4FF00044B2
:105CA80005F036FC00283046294632462B4618BFF8
:105CB8006FF0004405F0F1FF002818BF00242046CB
:105CC80005F0B5FF53EC1C2B8046894605F06CFAAD
:105CD8000B4619990246584605F0D9FF05468B46EA
:105CE80005F06EF8DDE9172304462846594605F005
:105CF80044FC0646169842464B4600EBCA0090ED17
:105D0800000B51EC100B05F0C2FF002E08BF4FF03E
:105D18000044DDE91A2341EC1A0B2846594605F0E0
:105D2800F7FB0028284659462A465B4618BF6FF0FD
:105D3800004405F0B2FF1C99002818BF0024BAF1EE
:105D4800010041F8044F18BF824602D0BAF1000F93
:105D580086D11399B1F5806F1ADB9FED430B51EC97
:105D68001A0B55EC104B22462B4605F01DFA22461D
:105D78002B4680460E4605F017FA139A40F2FE733A
:105D88009A429CBF3146404641EC1A0B0B9820E0E2
:105D98004FF60240CFF6FF70814219DA9FED340BBF
:105DA80051EC1A0B55EC104B22462B4605F0FCF92A
:105DB80022462B4680460E4605F0F6F9139A12F550
:105DC800F96F84BF3146404641EC1A0B059800E054
:105DD800084600F2FF300022030551EC1A0B05F0CB
:105DE800E3F953EC1D2B0646884605F0DDF941EC36
:105DF800100BC1F30A5240F232439A4244D9DDF8FB
:105E080050A09AE000BF00BF0000000000000000A2
:105E1800000000000000F03F0000000000006003E8
:105E28000000000000000000000000000000E07F0B
:105E3800000000000000F07F000000000000C03FEC
:105E480000000000000020C0000000000000E0C1C9
:105E58000000C0FFFFFFDF41000000000000703EAF
:105E680000000000000070C1000000000000E07F9A
:105E78000000000000006003000000000000F0BF08
:105E8800000000000000E03FDDF850A040F2FE33C3
:105E98009A423BD9A2F2FF324FF6FF74C2F1200CAE
:105EA8004FF0FF33C0F20F04D34004FA0CF52B4334
:105EB800B2F1200924FA02F558BF24FA09F358BFB1
:105EC800002503EA000E05EA010454EA0E0434D062
:105ED80040F2000EB9F1000FCFF6F07E0EFA0CF486
:105EE8004EFA02F258BF4EFA09F458BF4FF0FF328B
:105EF8001B184D41002958BF0D4658BF034605EAF7
:105F0800020103EA040041EC100B16E0B0EE4B0A64
:105F1800B1F1FF3FF0EE6B0A0FDC53EC1B2B04468C
:105F28000D4605F0CDFA1FED2C0B002851EC102B77
:105F38001CBF2946224641EC102B51EC100B53ECA8
:105F48001E2B05F031F902460B463046414605F056
:105F58009EFE04460D4604F033FF53EC1F2B834688
:105F680020462946CDE91A2305F007FB56EC192BE4
:105F780000282046294608BF4FF0004B1C923346A4
:105F880005F0C6FA00282046294622462B4618BFA7
:105F98006FF0004B05F081FE002818BF4FF0000B92
:105FA800584605F044FE02460B462046294605F0B1
:105FB8000FFC139C41EC1A0B80468946002C19965D
:105FC80028DD119B0C9A53F82A0040FA02F18B4401
:105FD80001FA02F2801A0D9A43F82A0040FA02F5F3
:105FE800012DC0F2DF80BAF1000F7ED0BAF1040FA4
:105FF8001DD2012600201AF0030100F0A880A2AAF1
:10600800002E52F8202072D0002A00F095804FF020
:1060180080736EE05CD01FED660B4046494653EC3A
:10602800102B05F0AAFA00285AD10020B8E0069AE9
:106038000AF01C010020002309E06FF07F46F31AE4
:10604800536001230026043010328142D3D052F825
:10605800086C13B16FF07F4302E096B14FF0807384
:106068009B1B002642F8083C52F8043C76B113B159
:106078004FF080760CE00126136886B96FF07F46F2
:1060880010E0012652F8043C002EF0D16FF07F4654
:10609800F31A002642F8043C1368002EEED05BB1D8
:1060A8004FF08076F31A002613605368002EC4D090
:1060B8003BB14FF08076C2E701265368002EF7D136
:1060C800BBE700230126043010328142BFD192E79A
:1060D800119850F82A00C515012DBFF684AF61E06C
:1060E8000225BAF1000F7FF481AF01262FE06FF08F
:1060F8007F439A1AA2AB002643F82020012926D014
:10610800049A52F820202EB1002A00F009814FF09D
:10611800807301E06FF07F439A1A049B002643F8CE
:106128002020022913D0069951F8201046B10029E1
:10613800DBD04FF0807205E001260129E0D106E0AE
:106148006FF07F42511A069A002642F82010002C60
:106158000FDD4FF6FF70022CC0F23F0003D0012C78
:1061680007D100F58000119A52F82A10084042F829
:106178002A000BF1010B022D14D1DDE9091042466A
:106188004B4605F025FBDDE9073204460D4605F0D0
:106198001FFBF2071CBF2946204641EC1A0B0220C0
:1061A800109000E0109554EC1A5B53EC1B2B28461A
:1061B800214605F085F9129E0DF5F4790DF5227842
:1061C800002800F0B280AAF101018E4233D80020E5
:1061D80058F8213000228E4238BF012240EA0300DD
:1061E80026D2891A8E4223D858F821304FF000025F
:1061F80038BF012240EA03001AD2891A8E4217D802
:1062080058F821304FF0000238BF012240EA03005D
:106218000ED2891A8E420BD858F821304FF000025E
:1062280038BF012240EA030002D2891A8E42CFD930
:10623800002840F0CB80DDE90E150DF1A80B1D9B61
:1062480000204A6882B90A68AAB951F8042CCAB968
:1062580051F8082C04301039002AF2D000EB0A0853
:10626800C245BFF4F2AC13E0013000EB0A08C245A6
:10627800BFF4EBAC0CE0023000EB0A08C245BFF4F7
:10628800E4AC05E0033000EB0A08C245BFF4DDAC1E
:106298000AF1010A159840F6A041C2F220010AEB62
:1062A8000306504451F8200005F0C1FCB0EE4BAA9B
:1062B8000024F0EE6BAA41EC100B0BEBC60080ED4E
:1062C800000B05EBC400311B90ED000B0BEBC1007C
:1062D80090ED001B51EC100B53EC112B04F064FFF4
:1062E80002460B4651EC1A0B05F0D1FC1D9B41EC04
:1062F8001A0B00229C4238BF012202D214449C424D
:10630800DFD909EBCA00C24580ED00AB4FF00000B1
:1063180038BF01208244BFF498ACC245BAD994E48E
:10632800012602297FF4FFAE11E71398CDF80CB0CF
:106338004642B6F5806F1FDB9FEDABBB2846214672
:1063480058EC1B9B4A46434604F02EFFDDF870B01C
:1063580041EC1A0B40F2FE7296425BD94A4643461C
:1063680004F022FF40F6FD32964238BF324641EC37
:106378001A0BA2F2FE7659E0DDF870B04FF6024033
:106388009FED99BBCFF6FF7086424FDA9FED980BD1
:106398002846214658EC109B4A46434604F004FF21
:1063A80041EC1A0B16F5F96F3CD84FF2704216F50E
:1063B800396FCFF6FF7298BF16464A46434604F037
:1063C800F3FE41EC1A0B06F292762FE0159908EBD2
:1063D8008A00BA6808389FED84BB01EB4101A2EB43
:1063E800C101A1F130024168C9B90168002940F032
:1063F8005E8550F8041C002940F05E85A0F110016C
:1064080050F8080C603AAAF1040A00280846EAD0B5
:106418001832BAE04FF60140CFF6FF7004E0AAF157
:10642800010AB2E040F2C9301399461A06F2FF3069
:106438000022030551EC1A0B04F0B6FE9FED6E0B1B
:106448008046894641EC190B53EC102B05F095F862
:1064580030B90DF52279DDF86C80DDE919B269E013
:1064680053EC182B4046494604F09EFE04460D4660
:1064780004F0A6FCDDE91A2306462046294605F065
:106488007CF8002808BF4FF000465A46DDF864B093
:10649800204629465B4605F03BF800282046294659
:1064A80022462B4618BF6FF0004605F0F6FB002881
:1064B80018BF0026304605F0BAFB53EC1C2B41EC04
:1064C800190B04F071FE02460B4640464946DDF8BA
:1064D8006C8005F0DCFB04460D4604F071FCDDF829
:1064E800689006462046294643464A4605F045F840
:1064F800002808BF4FF000461C9A204629465B46F4
:1065080005F006F800282046294622462B4618BFE3
:106518006FF0004605F0C1FB4A460DF522790028C8
:1065280018BF002649F82A600AF1010AB8680199DB
:106538000844139054EC195B43462846214605F05D
:106548001CF880462846214604F03AFC0646B8F175
:10655800000F08BF4FF000461C9A284621465B46AC
:1065680004F0D6FF0028284621462A46234618BFAD
:106578006FF0004605F091FB002818BF002649F887
:106588002A60C846DDF80CB0139AB2F5806FCDF8D2
:106598000CB00DDB40F2FE7082421FD940F6FD3090
:1065A800824238BF10469FED16BBA0F2FE7237E05C
:1065B8004FF60240CFF6FF70824212DA12F5F96FF9
:1065C8002AD84FF270409FED10BBCFF6FF7012F53E
:1065D800396F88BF104600F2927221E0A2F2FF32B2
:1065E8001EE09FED0BBB1BE0000000000000E07FF9
:1065F800000000000000600300000000000070417F
:10660800000000000000F07F000000000000000013
:10661800000000000000F03F02F2C9321FED0CBB81
:1066280002F2FF300022030551EC1B0B04F0BCFD05
:1066380006460AF1010041EC196B524610F00300BE
:10664800119045D058F82A000C4605F0F0FA024699
:106658000B460DF5F47B304621460BEBCA0504F0DA
:10666800A3FD53EC189B41EC1A0B304621461D93B1
:106678004A4604F099FD85ED00AB41EC190B119DDC
:10668800AAF10102012D23D04346904653F8222057
:1066980004460E46104605F0CAFA02460B46204646
:1066A80031460BEBC80804F07FFD1D9B41EC1A0B2B
:1066B800204631464A4604F077FD41EC190BAAF111
:1066C8000202022D88ED00AB40F07E830DF52278A2
:1066D800BAF1030FCDF850A07DD37AA808EB820851
:1066E80000EBC20A51EC180BCDE91C10D8F80000D9
:1066F8001B9205F09CFA55EC194B02460B462046B6
:10670800294604F051FD1C9B1D9ACDE91910294614
:1067180020469B46154604F047FD044658F80C0CE5
:1067280018900E4658E9029005F081FA02460B4689
:106738002046314604F038FDCDE916102046314692
:106748002A465B465C4604F02FFD2A4623468346CC
:106758000E4604F029FD04464846159105F067FAEF
:1067680005461898894605F062FA18902A4613914A
:106778004B46DDE9191041EC180BDDE9161041EC28
:10678800190B5846314604F00FFD41EC100B254615
:106798002046159C189A139B21460AED040B0AED16
:1067A800029B8AED008B04F0FFFCDDE91C3241EC12
:1067B800180B1B9E28462146A6F1040904F0F4FC98
:1067C8000AED068BA8F1100841EC190BAAF1200A72
:1067D8004A46032E8AD1149C7AA81FED758B00EBCC
:1067E800C400A0F1180A20460DE01C9952A8002CFC
:1067F800AAF1080A00EBC10080ED009BA4F101009A
:10680800149C00F0E18012991D90201A81421C907E
:1068180038BF0846411C03281B9106D2B0EE489A9F
:106828004FF00009F0EE689A5EE0B0EE489A40F644
:10683800A850F0EE689AC2F22000A0F1200B21F0D7
:1068480003064FF00009D0469BED080B98ED061B98
:1068580051EC100B9BED0AEB53EC112B9BED0CCB81
:106868009BED0EAB98ED08FB98ED0ADB98ED0CBBA1
:1068780004F09AFC02460B4651EC190B05F007FA96
:1068880004460D4651EC1E0B53EC1F2B04F08CFCF8
:1068980002460B462046294605F0F9F904460D46FE
:1068A80051EC1C0B53EC1D2B04F07EFC02460B46EE
:1068B8002046294605F0EBF904460D4651EC1A0B23
:1068C80053EC1B2B04F070FC02460B46204629466D
:1068D80005F0DDF909F1040908F120080BF1200B96
:1068E80041EC190B4E45AFD11B981D9C10F0030BC2
:1068F8003FF47BAF40F6A85009EB0401C2F2200038
:1069080000EBC90090ED000B7AA800EBC10090EDF8
:10691800001B51EC100B53EC112B04F045FC024604
:106928000B4651EC190B05F0B2F941EC190BBBF110
:10693800010F3FF45AAF09F1010240F6A8561319A6
:10694800C2F2200606EBC202804692ED000B7AAA3C
:1069580002EBC30255EC106B92ED001B53EC112BAC
:1069680030460E46294604F01FFC02460B464046B8
:10697800314605F08CF941EC190BBBF1020F3FF4DD
:1069880034AF09F1020240F6A8561319C2F22006E4
:1069980006EBC202804692ED000B7AAA02EBC30214
:1069A80055EC106B92ED001B53EC112B30460E4644
:1069B800294604F0F9FB02460B464046314605F0ED
:1069C80066F941EC190B10E7F968481E022834D221
:1069D800119DDDF808801FEDF40B002D00F04381B8
:1069E80052A853EC102B00EBC40090ED001B51ECA7
:1069F800110B05F04CF941EC100B661E012D00F04F
:106A0800338152AA02EBC60292ED000B53EC102B15
:106A180005F03DF941EC100BA61E022D00F0248173
:106A280052AA02EBC60292ED000B53EC102B05F0B4
:106A38002EF941EC100BE61E16E1DDF80880119DD9
:106A480089BB9FEDDF0B002D00F0E58152A853ECC8
:106A5800102B00EBC40090ED001B51EC110B05F05E
:106A680016F941EC100B661E012D00F0D58152AAD3
:106A780002EBC60292ED000B53EC102B05F007F960
:106A880041EC100BA61E022D00F0C68152AA02EBA3
:106A9800C60292ED000B53EC102B05F0F8F841EC10
:106AA800100BE61EB8E19FEDC68BACB352A8264684
:106AB80008381D901D9800EBC60B52A800EBC609BC
:106AC8009BED000B99ED001B55EC104B58EC11ABEE
:106AD800204629465246434605F0D9F8024641EC7D
:106AE800190B0B462046294604F072FE02460B4657
:106AF8005046414605F0CBF841EC100B701E8BED6B
:106B0800009B89ED000B1CBF0646002ED2D1149EB7
:106B1800DDF80880012E2AD110989DED520B00282F
:106B280000F0B4819DED541B8DED268B9DF89F00E0
:106B38008DED240B9DF8971080F080008DED281BBB
:106B48009DF8A7208DF89F0081F080009DED260B11
:106B58008DF8970082F080009DED241B8DF8A7002A
:106B68009DED282B88EC041B88ED040B94E11D98FF
:106B780000EBC60B52A800EBC6099BED000B99ED84
:106B8800001B55EC104B58EC11AB204629465246D9
:106B9800434605F07CF8024641EC180B0B462046AC
:106BA800294604F015FE02460B465046414605F0BC
:106BB8006EF841EC100B022E8BED008B89ED000B6B
:106BC8001CBF013E012ED2D8DDF80880149C9FED31
:106BD800BE8B52A800EBC40090ED000B51EC180BD3
:106BE80053EC102B05F053F841EC180B022C18BF8E
:106BF800013C91D0022C8FD352AA02EBC40292ED31
:106C0800000B53EC102B05F042F841EC180B022C4A
:106C180018BF013C3FF480AF022CFFF47DAF52AAAD
:106C280002EBC40292ED000B53EC102B05F02FF889
:106C380041EC180B022C18BF013C3FF46DAF022C3D
:106C4800FFF46AAF52AA02EBC40292ED000B53ECB8
:106C5800102B05F01CF841EC180B022C1CBF013C52
:106C6800012CB6D858E72646032C21D352A800EBAE
:106C7800C605A5F1180095ED001B90EC068B51ECAC
:106C8800100B53EC112B05F002F853EC1A2B04F0FF
:106C9800FEFF53EC192B04F0FAFF53EC182B04F009
:106CA800F6FF321F41EC100B203D032E1646E0D1B3
:106CB80053EC102B8DED220B9DF88F00DDF888C06A
:106CC80080F080008DF88F00DDE95201109E239D31
:106CD800002E04BF94461D4645EC18CB04F078FD01
:106CE80041EC100B002C88ED008B50D0039E012541
:106CF80052A800EBC50090ED001B51EC100B53ECB3
:106D0800112B04F0C4FF41EC100B0022A54238BF40
:106D180001223DD21544A5423AD852AA02EBC50237
:106D280092ED000B53EC102B04F0B1FF41EC100B6B
:106D38000022A54238BF01222AD21544A54227D8ED
:106D480052AA02EBC50292ED000B53EC102B04F093
:106D58009EFF41EC100B0022A54238BF012217D23A
:106D68001544A54214D852AA02EBC50292ED000BB5
:106D780053EC102B04F08BFF41EC100B0022A542C2
:106D880038BF012204D21544A542B1D900E0039EC0
:106D98008DED200B53EC102B9DF88700209980F087
:106DA80080008DF88700109D2198002D1CBF0A4691
:106DB800034643EC102B88ED020B6EE000BF00BFCA
:106DC80000000000000000000DF52278154604467A
:106DD8000E4658F82220104604F029FF02460B46BA
:106DE800204631460BEBC50504F0DEF91D9B41EC4E
:106DF8001A0B204631464A4604F0D6F941EC190BE5
:106E0800AAF1030285ED00ABBAF1030FCDF850A04B
:106E1800BFF463ACDFE42646032C21D352A800EB71
:106E2800C605A5F1180095ED001B90EC068B51ECFA
:106E3800100B53EC112B04F02AFF53EC1A2B04F01F
:106E480026FF53EC192B04F022FF53EC182B04F007
:106E58001EFF321F41EC100B203D032E1646E0D1D9
:106E68008DED1E0B53EC102B9DF87F001E9980F0C2
:106E780080008DF87F00109E1F98002E1CBF0A46C8
:106E8800034643EC102B88ED000B05E09DED541BE9
:106E980088EC040B88ED048B039E06F007000DF5C3
:106EA800367DBDEC108B01B0BDE8000FF0BD183A7F
:106EB800AAF1020AFFF769BB303AAAF1030AFFF701
:106EC80064BB00BF00BF00BF00000000000000005E
:106ED800F0B503AF2DE9000B82B004460068884680
:106EE800416D21F003014165104640F2E24100F096
:106EF800D9FCD8F800504FF400504FF4805140228C
:106F08004FF4803300E069612E69B6040ED52E690E
:106F1800F604F8D52E69B6F1FF3FF5DC2E69F603C5
:106F280006D42E69760605D46A61EDE76861EBE759
:106F3800AB61E9E740F67C062146C2F22006002252
:106F4800304600F060FCB01C2146002200F05BFCDB
:106F5800301D2146002200F056FCB01D21460022BB
:106F680000F051FC06F108002146002200F04BFC1D
:106F780006F10A002146002200F045FC06F10C004B
:106F88002146002200F03FFC06F10E0021460022B7
:106F980000F039FC06F110002146002200F033FC15
:106FA80006F112002146002200F02DFC06F1140023
:106FB8002146002200F027FC06F116002146002297
:106FC80000F021FC06F118002146002200F01BFC0D
:106FD80006F11A002146002200F015FC06F11C00FB
:106FE8002146002200F00FFC06F11E002146002277
:106FF80000F009FC2068416989010FD5416921F039
:1070080000714161816C41B1816C00291CBF816CA8
:10701800002902D0816C0029F4D12068416901223D
:1070280021F0605141612068816962F30D3181610D
:10703800816C41B1816C00291CBF816C002902D090
:10704800816C0029F4D12068416941F000714161E7
:10705800816C41B1816C00291CBF816C002902D070
:10706800816C0029F4D14FF4805028606420286096
:107078004FF4005068602868002809D42868002860
:107088005CBF2868002803D42868B0F1FF3FF2DC11
:1070980020680122016962F302010161816C41B13A
:1070A800816C00291CBF816C002902D0816C0029E9
:1070B800F4D12068416921F4E0514161816C41B10A
:1070C800816C00291CBF816C002902D0816C0029C9
:1070D800F4D12068816941F44021816120684169C7
:1070E80021F000714161816C41B1816C00291CBFA4
:1070F800816C002902D0816C0029F4D1206840F607
:10710800E856C2F220060022416941F4407141610B
:107118003046214600F077FBB01C2146002200F0E3
:1071280072FB301D2146002200F06DFBB01D214688
:10713800002200F068FB2068022540F6F056002285
:10714800C2F22006816B65F3D84181632068816BA8
:1071580041F4802181633046214600F054FBB01C85
:107168002146002200F04FFB301D2146002200F08E
:107178004AFBB01D2146002200F045FB206840F67E
:10718800F8564FF00309C2F220060022816965F320
:10719800051181612068816969F39C6181613046CC
:1071A800214600F030FBB01C2146002200F02BFBEA
:1071B800301D2146002200F026FBB01D214600228A
:1071C80000F021FB06F108002146002200F01BFB1D
:1071D8002068172240F62426C2F22006C16962F30D
:1071E8000501C16120680022C16941F04001C16107
:1071F8003046214600F007FBB01C2146002200F073
:1072080002FB301D2146002200F0FDFAB01D214688
:10721800002200F0F8FA06F108002146002200F0EA
:10722800F2FA06F10A002146002200F0ECFA06F113
:107238000C002146002200F0E6FA06F10E00214675
:10724800002200F0E0FA206840F62C1242F2107397
:10725800416A41F0400141622068416A65F30501D5
:10726800416201201C210090404600F085FB40F659
:107278000510214627F81A0CA7F11A00002200F081
:10728800C2FA20680E22C16965F38B21C1612068AA
:1072980040F60265C2F22005816A69F388118162AD
:1072A8002068816A62F3050181622846214603222B
:1072B80000F0A9FAA81C2146032200F0A4FA281D10
:1072C8002146032200F09FFAA81D2146032200F060
:1072D8009AFA05F108002146032200F094FA05F114
:1072E8000A002146032200F08EFA05F10C0021461F
:1072F800032200F088FA05F10E002146032200F06F
:1073080082FA05F110002146032200F07CFA05F10B
:1073180012002146032200F076FA05F114002146F6
:10732800032200F070FA05F116002146032200F04E
:107338006AFA05F118002146032200F064FA05F103
:107348001A002146032200F05EFA05F11C002146CE
:10735800032200F058FA05F11E002146032200F02E
:1073680052FA05F120002146032200F04CFA05F1FB
:1073780022002146032200F046FA05F124002146A6
:10738800032200F040FA05F126002146032200F00E
:107398003AFA05F128002146032200F034FA05F1F3
:1073A8002A002146032200F02EFA05F12C0021467E
:1073B800032200F028FA05F12E002146032200F0EE
:1073C80022FA05F130002146032200F01CFA05F1EB
:1073D80032002146032200F016FA05F13400214656
:1073E800032200F010FA05F136002146032200F0CE
:1073F8000AFA05F138002146032200F004FA05F1E3
:107408003A002146032200F0FEF905F13C0021462E
:10741800032200F0F8F905F13E002146032200F0AE
:10742800F2F905F140002146032200F0ECF905F1DC
:1074380042002146032200F0E6F905F14400214606
:10744800032200F0E0F905F146002146032200F08E
:10745800DAF905F148002146032200F0D4F905F1D4
:107468004A002146032200F0CEF905F14C002146DE
:10747800032200F0C8F905F14E002146032200F06E
:10748800C2F902B0BDE8000BF0BD80B56F4648F206
:1074980048110068C4F21F0105230A6863F3030258
:1074A8000A60416841F008014160032180BDF0B5E0
:1074B80003AF2DE9000F81B048F204314FF0010C01
:1074C800C2F20001BFF35F8FD1E84F2FC1E843CF6D
:1074D800002BF9D1BFF35F8F002A01BF48F20001EA
:1074E800C4F20D010022C4F22F0201BF02F5542C90
:1074F80002F5502E02F54C28A1F5004401BFA1F574
:10750800003501F5F61601F5F413C0E9683601BF38
:10751800C0E96A54C0E96C8EC0E96EC101F5005E2D
:1075280001BF01F5805640F2040CC4F22E0C01F59F
:10753800021401BF0CF5FE7501F5004300F5C07893
:1075480088E8380001BF00F5C67383E81210C0E967
:10755800666EA1F5404C01BF01F5881E01F586183D
:1075680001F5841401F5821301BF01F5003602F517
:107578001025C0E9585600F5B47501BF85E81A41D1
:10758800C0F87CC1A1F5804C02F51C2E01BF02F5A4
:10759800182802F51424A1F5E03301F5282601BFC7
:1075A80001F5EE15C0E9505600F5A47585E81841B7
:1075B80001BFC0E9562C02F5782802F5742902F5B6
:1075C800702401BF02F56C234CF2000CC4F2070CC6
:1075D8000CF5004601BF01F5E03E01F58E15C0E946
:1075E800485EC0E94A6101BF00F5987585E8180250
:1075F800C0F83C8101F5482801BF01F5442901F58F
:10760800402A01F53C2B01F5382301BF01F534244C
:1076180001F5302501F52C26C0E9406501BFC0E918
:107628004243C0E944BAC0E9469802F5302801BF90
:1076380002F52C2902F5282A02F5242B02F58613D7
:1076480001BF02F5841402F5821502F58016C0E91F
:10765800386501BFC0E93A43C0E93CBAC0E93E9881
:1076680001F5F01801BF01F59219A1F5503AA1F5FD
:10767800403BA1F5303301BF01F5901401F58C159D
:1076880001F58A16C0E9306501BFC0E93243C0E997
:1076980034BAC0E9369844F2000B01BFC4F2002B9B
:1076A8000BF500490BF5804A4FF0844801BF01F5FE
:1076B8006C2601F5682401F56425A1F5C03301BFE6
:1076C800C0E9283500F1A80383E85009C0E92EA9CC
:1076D80001BF01F5602801F5E61901F5E81AA1F5E1
:1076E800203601BF0BF5E03301F5582401F5542588
:1076F800C0E9205401BF00F1880484E84804C0E9C7
:10770800259EC0F89C8001BFA1F5103E01F5FE182A
:1077180001F5001902F5642A01BF02F5602302F59C
:107728005C2602F5582501F5A03401BF00F1600B75
:107738008BE87000C0E91B3AC0E91D9801BFC0F88A
:107748007CE001F5803E02F540480CF5804901BF18
:1077580001F5804A01F5F21344F20806C4F209065D
:1077680001BF06F1100506F10804C0E91064C0E97C
:10777800125301BFC0E914A9C0E9168E0CF5C03E2A
:1077880001F5103801BF01F5801901F57C2401F5D8
:10779800782302F57C2601BF02F54825C0E9085682
:1077A80000F1280585E8180201BFC0E90D81C0F87D
:1077B8003CE002F5442E02F50C2601BF01F5D21576
:1077C80001F5242402F54022A1F5803301BFA1F57B
:1077D800A031C0E90013C0E9022C103001BF80E8D5
:1077E800704001B0BDE8000FF0BD40F6526040F6B1
:1077F8008862C2F22000C2F22002352103F01AFA90
:1078080080B56F46FEE780B56F4603784078096813
:1078180001EB83014000C0B20323D1F868C0834064
:1078280002FA00F02CEA03031843886680BDF0B51D
:1078380003AF2DE9000FADF5057D0DF10409804674
:107848004FF40071484604F09BF944F2C42A0DF540
:10785800017BC2F2000A00246FF00F055646DAE9F0
:107868006001CDE9830158468294819602F085FA39
:107878000DF5017C09EB050010350C369CE80E105F
:1078880001341030B5F5F87F80E80E10E7D101A972
:1078980040464FF4007203F039FC0DF5057DBDE854
:1078A800000FF0BD80B56F46B1F5487F98BF4FF423
:1078B800487140F22762914228BF114644F2AF73E3
:1078C800A1F5487100688AB25A43C368A1EB124116
:1078D80089B2490801EB124123F01F0242EA111153
:1078E800C16004E00168B1F1FF3FD8BF80BD016805
:1078F800002905D4016800295CBF01680029F1D579
:1079080080BD80B56F4680BDF0B503AF2DE9000B93
:1079180044F2E043C4F21F031B68C3F30B2E4FEA83
:10792800135CE6451FBF0124C1F88841DBB24FF460
:107938007A781FBF03FB08F9ACEB0E04D1F890610D
:1079480049F658651FBFCFF6FF7513FB085393FB25
:10795800F4F3C2EA06021FBFC1F8902180E80A408A
:10796800C0F80C90BDE8000B18BFF0BD40F6986059
:10797800C2F2200003F040F9F0B503AF2DE900078B
:107988008046A1F11B001C2880F088801D46164601
:107998009A4200F28E80002D00F0968043F2006932
:1079A8008A46C0F26E192A46A6FB0901002304F094
:1079B80039FA0AFB09004CF67F11CDF6411108444B
:1079C80043F27F61C2F2BE6188425CD8D7F808C032
:1079D8004FF48032D8F800004FF480534FF4005130
:1079E80000E08167046FE40307D5046FA404F8D4AA
:1079F800046FE40403D44367F4E74267F2E79CFAB0
:107A0800ACF140F6A872B1FA81F1C0F88060C0F814
:107A18009050C2F2200252F8212040F69476C0F825
:107A280070A0036FC2F2200656F8211023F4C01389
:107A38001A430267D0F8702147F6FF73CFF67F73B9
:107A48001A404FF4805342EAC15242EAC131C0F8A9
:107A580070114FF400514FF4803200E08367066FD5
:107A6800B6040BD5066FF604F8D4066FB6F1FF3FDF
:107A7800F5DC066FF60303D58267F0E74167EEE7AA
:107A8800BDE80007F0BD40F6507040F68472C2F2BF
:107A98002000C2F22002652103F0D2F840F6A86067
:107AA80040F6EC62C2F22000C2F22002892103F003
:107AB800C7F840F6FC6040F63072C2F22000C2F20D
:107AC8002002672103F0BCF840F64070C2F22000A3
:107AD80003F092F8F0B503AF4DF804BD044690F8F2
:107AE80034000D46012801D1206835E002F093F9F1
:107AF800064602F07EF92068F1072DD1002855D1FD
:107B08004FF0FF3069002060E8B241EAD011A26866
:107B1800C8B2824217D9E26901F00F011268BFF3B7
:107B28005F8F92B222FA01F1C9070CD0A169814294
:107B380042D9616900EB800001EB80008068016830
:107B480021F0005101602068013020605DF804BB1D
:107B5800BDE8F04002F04FB940BB4FF0FF3069007C
:107B68002060E8B241EAD011A268C8B2824217D9AF
:107B7800E26901F00F011268BFF35F8F92B222FA37
:107B880001F1C9070CD0A169814215D9616900EBDF
:107B9800800001EB80008068016821F000510160DD
:107BA8002068013020605DF804BBF0BD40F6BC7071
:107BB800C2F2200002F07CFF41F28C02C2F22002E5
:107BC80003F024F8F0B503AF2DE9000F83B0D1F826
:107BD80000B00A46DBF80010002940F0D781D2E94E
:107BE80001514FF0FF33CBF80030D2682B78DBF827
:107BF80008405E0046EAD316F3B29C423CD9DBF853
:107C08001C4006F00F062468BFF35F8FA4B224FA65
:107C180006F6F60730D0DBF818609E4240F2C281C3
:107C28002B785E0635D05E00DBF8085046EAD3169E
:107C3800F3B29D4240F2B081DBF81C5006F00F060B
:107C48002D68BFF35F8FADB225FA06F6F60700F090
:107C5800A381DBF818609E4240F2AC81DBF8146027
:107C680003EB830306EB830ADAF80C60766816F0F8
:107C7800680F20D0072100E0052141700121DBF8C1
:107C880000200170501CCBF8000003B0BDE8000FC5
:107C9800F0BDDBF80830002B1FBFDBF81C301B6879
:107CA800BFF35F8F5FEAC3731BD140F6DC70C2F28B
:107CB800200002F079FFD9469AF8104059F820CFF1
:107CC80004F01F0566B20124DCF8B831B6F1FF3FB5
:107CD800D8BF1B0CAC4023401B0600F0B480002129
:107CE800CBE7DBF81830002B00F06C81DA46012472
:107CF8005AF8203F082A5AF80C9CD3F8ACE199F8B6
:107D0800106006F01F0C04FA0CF556D315EA0E04A1
:107D180053D0D9F80860C3F8AC51D3F8402142F4E5
:107D28000052C3F84021D6E90A25D3F84041A404FB
:107D380025D4D3F8402142F40052C3F84021D6E9B3
:107D48000A25D3F84041A4045FBFD3F8402142F488
:107D58000052C3F84021D6E90A255CBFD3F8404158
:107D68005FEA84440BD4D3F8402142F40052C3F8AC
:107D78004021D6E90A25D3F84041A404CDD5D3F84B
:107D8800406126F40056C3F840614D6001250A6041
:107D980099F81020DAF8001053B202F01F02D1F857
:107DA800B861B3F1FF3FD8BF360C95402E40360678
:107DB80000F095804FF00808E4E0D9F80C406468BA
:107DC80014F0680F7FF456AFD3F8B84176B2B6F125
:107DD800FF3FD8BF240C25402D067FF480AFB6F1B5
:107DE800FF3F4FF48036C8BF01264FF47F0506FADF
:107DF8000CF6C8BFFF252E40C3F8BC6199F91030B6
:107E08004FF4803EDAF800604FF47F04B3F1FF3F8F
:107E180003F01F03C4BFFF244FF0010E05460EFAFE
:107E280003F348462340C6F8783101F075FB8046D5
:107E3800D9F8080051460068C0F30A42484601F0E4
:107E4800E7FA28469EE0BBF8303006F00F04E3401E
:107E5800DB073FF444AF4FF480330290B6F1FF3FA5
:107E6800C8BF01234FF47F0603FA05F3C8BFFF26F6
:107E78003340CCF8BC314FF480309AF910304FF4CD
:107E88007F04D9F80060B3F1FF3F03F01F03C4BFBC
:107E9800FF24012098402040C6F87801DAF80C60E9
:107EA800DAE9013005687468F669C5F30A4842459D
:107EB80038BF9046C4F30E42B21A424538BF9046C6
:107EC800434538BF9846B8F1000F53D0DAF800E0C0
:107ED80008F00302B8F1040F1ED2002639E04FF46F
:107EE8008036B3F1FF3FC8BF01264FF47F0306FA7F
:107EF80002F2C8BFFF231A40C1F87821D9F8081048
:107F0800054648460968C1F30A42514601F080FA1D
:107F180028464FF0080835E0CDE9002940F2FC7208
:107F280008EA020C4D1C00260EEB06041EF806306B
:107F3800A81994F8019005F806900436B445A2787B
:107F480000F8013C4270E2788270EDD1DDE9002949
:107F5800B6446AB19EF80000012A885508D0314419
:107F68009EF80100022A48701CBF9EF80200887023
:107F7800DAF8080000684946C0F30A42504601F0A2
:107F880047FA02980021C0F8048078E640F6BC70F1
:107F9800C2F2200002F08CFD41F22C00C2F2200057
:107FA80002F002FE41F29C02C2F22002184631465B
:107FB80002F02CFE41F28C02C2F220021846314631
:107FC80002F024FE41F28C020020C2F220020021BD
:107FD80002F01CFEF0B503AF2DE9000F83B00E6868
:107FE8003268002A40F00082D1E9015ECC684FF087
:107FF800FF3131602978B2684B0043EAD111CBB226
:108008009A4272D9F26901F00F011268BFF35F8FCB
:1080180092B222FA01F1C90767D0B169994240F2D8
:10802800EF8129784A0662D04B0043EAD111B26841
:10803800CBB29A4240F2DE81F26901F00F01126878
:10804800BFF35F8F92B222FA01F1C90700F0D28123
:10805800B169994240F2E181716903EB830201EB56
:108068008209D9F80C10496811F0680F54D1B0464C
:1080780099F8102058F820CF02F01F0355B20122BA
:10808800DCF8B811B5F1FF3FD8BF090C9A40114090
:10809800090657D102904FF48030B5F1FF3FC8BFB1
:1080A80001204FF47F0100FA03F0C8BFFF21084008
:1080B800CCF87801D9E9010109684FEA114A6FF350
:1080C800DF2A544538BFA246504538BF8246BAF128
:1080D800000F00F0C280D9F800400AF00302BAF19C
:1080E800040F67D2002123467CE005212BE0B1680C
:1080F8000229C0F08C81F1690968BFF35F8F890795
:1081080040F18581B169012940F28E8171690A6A5D
:10811800526812F0680F01D0072114E0B14691F8B7
:10812800242059F820CF02F01F0A53B20122DCF8AC
:10813800B85102FA0AF2B3F1FF3FD8BF2D0C2A401A
:1081480012060AD000214170012132680170501CCA
:10815800306003B0BDE8000FF0BD02904FF48030EE
:10816800B3F1FF3FC8BF01204FF47F0200FA0AF0C5
:10817800C8BFFF221040CCF8780101F11408D1E9FA
:10818800060109684FEA114A6FF3DF2A544538BFE0
:10819800A246504538BF8246BAF1000F00F0BF80B2
:1081A800D8F800400AF0030CBAF1040F5FD200219E
:1081B800234676E00EF101032AF0030B0021019219
:1081C8005D185A5C15F8010C95F801C0AD7860543B
:1081D8006018043142708B4580F802C0C570EFD139
:1081E800019A631862B11EF80100012A187007D0BD
:1081F8000EEB0100022A417859701CBF80789870F4
:10820800AAF10100012101EB501505F0030B01F063
:10821800FAFD4EF6707024F01F01CEF20000BAF19C
:10822800610F0ED325F0030201F120030160036002
:1082380001F14003036001F160038031043A0360F7
:10824800F2D1BBF1000F1CBF0160BBF1010F40F080
:10825800B98001F0D8FD01F0D9FD484641465246A3
:1082680001F0D6F80298C0F804A000216DE70EF1DD
:1082780001032AF0030B0021CDF804805D185A5C35
:1082880015F8010C95F80180AD7860546018043138
:1082980042708B4580F80280C570EFD1DDF804800C
:1082A8006318BCF1000F0ED01EF80100BCF1010FDD
:1082B800187008D00EEB0100BCF1020F417859701C
:1082C8001CBF80789870AAF10100012101EB5015BC
:1082D80005F0030B01F097FD4EF6707024F01F01B6
:1082E800CEF20000BAF1610F0ED325F0030201F1BE
:1082F80020030160036001F14003036001F16003A2
:108308008031043A0360F2D1BBF1000F1CBF016059
:10831800BBF1010F5FD101F076FD01F077FD40461A
:108328004946524601F074F8B06800281FBFF0694A
:108338000068BFF35F8F5FEAC07005D141F20C009F
:10834800C2F2200002F030FCB0690028029872D016
:10835800D6F814C00121326A9CF81030D2F8B8411E
:108368005DB203F01F03B5F1FF3FD8BF240C99405D
:10837800214009067FF477AF4FF48031B5F1FF3F14
:10838800C8BF01214FF47F0401FA03F1C8BFFF24DD
:108398002140C2F8BC119CF910104FF480304FF402
:1083A8007F05D9F80020B1F1FF3F01F01F01C4BFDC
:1083B800FF250120884049462840C2F878016046D8
:1083C80000224DE701F120020260BBF1020F1CBF41
:1083D800403101603DE701F120020260BBF1020F6C
:1083E8001CBF4031016096E740F6BC70C2F2200025
:1083F80002F05EFB41F24C00C2F2200002F0D4FB16
:1084080041F29C021846C2F2200202F0FFFB40F63D
:10841800FC70C2F2200002F0C7FB41F28C02184641
:10842800C2F2200202F0F2FB41F28C020120C2F2F9
:10843800200202F0EBFB41F28C020020C2F2200283
:10844800002102F0E3FBF0B503AF4DF804BD82B0A4
:1084580004682168002940F0F680D0E9011E4FF039
:10846800FF33D0E903C2204640F8043B0B78DBB168
:108478004978A5684A0042EAD112D3B29D4240F237
:10848800C580E56902F00F022D68BFF35F8FADB2BA
:1084980025FA02F2D20700F0B980A169994240F2A8
:1084A800DE8001200521C7E01378A66843F00101AA
:1084B8004D0045EAD315EBB29E4240F2A780E6692B
:1084C80005F00F053668BFF35F8FB6B226FA05F5DB
:1084D800ED0700F09B80A169994240F2C0801378B3
:1084E800A66843F002014D0045EAD315EBB29E425F
:1084F80040F28C80E66905F00F053668BFF35F8FA0
:10850800B6B226FA05F5ED0700F08080A169994218
:1085180040F2A5801378A66843F003014D0045EAB0
:10852800D315EBB29E4271D9E66905F00F0536689E
:10853800BFF35F8FB6B226FA05F5ED0766D0A169DD
:10854800994240F28C801378A66843F004014D00EC
:1085580045EAD315EBB29E4258D9E66905F00F05F6
:108568003668BFF35F8FB6B226FA05F5ED074DD032
:10857800A169994273D91378A66843F005014D00A3
:1085880045EAD315EBB29E4240D9E66905F00F05DE
:108598003668BFF35F8FB6B226FA05F5ED0735D01A
:1085A800A16999425BD91378A66843F006014D008A
:1085B80045EAD315EBB29E4228D9E66905F00F05C6
:1085C8003668BFF35F8FB6B226FA05F5ED071DD002
:1085D800A169994243D91278A56842F007014B0076
:1085E80043EAD212D3B29D4210D9E56902F00F02D4
:1085F8002D68BFF35F8FADB225FA02F2D20705D01E
:10860800A16999422BD90120032115E0E26ABEF83D
:1086180000309A4203D3D21AA66AB24202D201208B
:10862800042109E0E2620D469CF80060009600F023
:1086380071FE70B10020294622680132226002B022
:108648005DF804BBF0BD40F6BC70C2F2200002F039
:108658002FFA40F6EC70C2F2200002F0A5FA41F2BF
:108668009C021846C2F2200202F0D0FAF0B503AF1D
:108678002DE9000794B080460068002840F0828009
:108688004FF0FF30C2464AF8200B002008210C901A
:10869800CDE9060108F10409089001210390019031
:1086A80001A800F1400600F11004CDF840900591B2
:1086B8000AE022F44C0242EA814101F54001C0F887
:1086C800C411059802281FD02046314600F065FDE8
:1086D800D0B1017C11F07F02F3D0DAF80030082A1B
:1086E800119255D24DB2417C501EB5F1FF3FC0B238
:1086F80003EB8000D0F8C421DBDD22F00C0242EA53
:10870800810141F0C001DAE700200821CDE9060126
:108718000121CDF840900C900890059103900190AC
:108728000CE0B1F1FF3F06DD81680968C1F30A4238
:10873800514600F06DFE059802281AD020463146B1
:1087480000F02BFDA8B1027C51B212F07F02E8D0F4
:10875800DAF80030082A11921AD2013A0029D2B266
:1087680003EB8202D2F8C421E5D412F08001DBD1F8
:10877800E1E7D8F800000130C8F8000014B0BDE8FF
:108788000007F0BD40F6BC70C2F2200002F090F97C
:1087980047F6455041F25C02C0F2000012A913905E
:1087A80011A8129040F2D340C2F22000C2F2200277
:1087B80002F046FAF0B503AF4DF804BD84B0046882
:1087C800216800296DD1D0E901014FF0FF32226004
:1087D800A5680378580040EAD312D0B2854259D927
:1087E80091F800C002F00F02E169012505FA02F2D2
:1087F8000968BFF35F8F0A424CD0A16981425CD9F6
:10880800A168814253D9E1690968BFF35F8F0A42C1
:108818004DD0A169814256D9214600EB800051F81C
:10882800206F51F80C5C05EB8000057C05F07F0299
:108838000192082A4DD26DB205F03F024FFA83FE2D
:10884800002D06EB8202D2F8C03146BF23F48033F4
:108858006CF310436CF30003BEF1000FC2F8C03193
:1088680018D45FEACC7215D10A68012690F9103045
:10887800002BD2F8B82103F01F0348BF120C06FAE8
:1088880003F31A40120605D182681268C2F30A423D
:1088980000F0BEFD20680130206004B05DF804BB24
:1088A800F0BD40F6BC70C2F2200002F001F941F2BE
:1088B8003C00C2F2200002F077F941F29C02C2F2B9
:1088C800200202F0A3F941F28C02C2F2200202F067
:1088D8009DF947F6455041F25C02C0F2000002A93A
:1088E800039001A8029040F2D340C2F22000C2F2E5
:1088F800200202F0A5F9F0B503AF4DF804BD044617
:1089080090F834000D46012801D1206829E001F0D3
:1089180082FA064601F06DFA2068F10721D1002895
:1089280001BF206A4FF0FF312160D0F8481101BF24
:1089380021F0410165F3000165F38611C0F8481183
:1089480001BF2068013020605DF804BB04BFBDE8AA
:10895800F04001F050BA40F6BC70C2F2200002F0BC
:10896800A7F8002801BF206A4FF0FF312160D0F836
:10897800481101BF21F0410165F3000165F386113B
:10898800C0F8481101BF2068013020605DF804BBC1
:1089980008BFF0BDDFE790F83410012908BFFFF7E2
:1089A80065BEB0B502AF044601F035FA054601F0E0
:1089B80020FA2046FFF75AFEE807BDE8B04018BF86
:1089C800704701F018BAF0B503AF4DF804BD84B094
:1089D800044690F834000D46012801D1206845E08E
:1089E80001F019FA064601F004FA2068F1073DD1B2
:1089F8006FF00041884275D201302060E8B269000A
:108A080041EAD011A268C8B2824271D9E26901F084
:108A18000F011268BFF35F8F92B222FA01F1C90702
:108A280066D0A169814269D9626900EB8000216A38
:108A380002EB8000007C00F07F020192082A63D2DA
:108A480040B200F03F02002801EB8201D1F8C0518A
:108A58002168A1F10101216048BF2D0C01F0CBF97B
:108A680005F0010004B05DF804BBF0BD6FF00041F3
:108A7800884237D201302060E8B2690041EAD0115B
:108A8800A268C8B2824233D9E26901F00F011268C4
:108A9800BFF35F8F92B222FA01F1C90728D0A1690A
:108AA80081422BD9626900EB8000216A02EB8000C9
:108AB800007C00F07F020192082A25D240B200F023
:108AC8003F02002801EB8201D1F8C0512168A1F1D1
:108AD8000101216048BF2D0C05F0010004B05DF8CC
:108AE80004BBF0BD40F6CC70C2F2200001F0F2FFEA
:108AF80041F21C00C2F2200002F056F841F29C023A
:108B0800C2F2200202F082F847F6455041F25C02B8
:108B1800C0F2000002A9039001A8029040F2D340DD
:108B2800C2F22000C2F2200202F08AF8D0B502AFE9
:108B380084B007F8161CA7F1150107F8152CA7F142
:108B48001602039190F83410CDE90102012904D1ED
:108B580001A8FFF72FFE04B0D0BD01F05CF9044670
:108B680001F047F901A8FFF725FEE00708BF01F06B
:108B780042F904B0D0BDF0B503AF4DF804BD0446CA
:108B880090F834000D46012801D1206823E001F057
:108B980042F9064601F02DF92068F1071BD100289B
:108BA80001BF206A4FF0FF312160690601BF01F162
:108BB8008071C0F854112068013001BF20605DF851
:108BC80004BBBDE8F04001F016B940F6BC70C2F233
:108BD800200001F06DFF002801BF206A4FF0FF312F
:108BE8002160690601BF01F18071C0F85411206845
:108BF800013002BF20605DF804BBF0BDE5E7F0B5C9
:108C080003AF4DF804BD054691F834000C46012821
:108C18000ED12068002870D1206A4FF0FF31216002
:108C2800D0F844114A063BD4C90724D100203BE0C0
:108C380001F0F1F8064601F0DCF8F0070ED12068E3
:108C480000285AD1206A4FF0FF312160D0F8441132
:108C58004A0630D4C90733D1002045E020680028EF
:108C68004BD1206A4FF0FF312160D0F844114A06F9
:108C780016D4C907DAD00121C0F84411D0F8BC11C4
:108C8800D0F8BC21C9B2C2F3074221861304C0F848
:108C9800BC31AA806980D0F8AC01E880022003E0EA
:108CA8004021C0F84411012021682880481C206018
:108CB8005DF804BBF0BD4021C0F84411012013E069
:108CC8000121C0F84411D0F8BC11D0F8BC21C9B2B8
:108CD800C2F3074221861304C0F8BC31AA80698018
:108CE800D0F8AC01E880022021682880481C206068
:108CF80001F081F85DF804BBF0BD40F6BC70C2F22B
:108D0800200001F0D5FEB0B502AF86B0BD6807F807
:108D1800192C91F83420CDE90435A7F11903012A5B
:108D2800CDE9021304D102A9FEF74CFF06B0B0BD8D
:108D3800044601F070F8054601F05BF802A92046E8
:108D4800FEF740FFE80708BF01F055F806B0B0BDD0
:108D5800F0B503AF4DF804BD94B0044690F8340064
:108D6800012876D12068002840F07281206A4FF0EF
:108D7800FF312160D0F8B811C0F8B811D0F8BC1193
:108D8800C0F8BC11D0F87811C0F878110021C0F8EB
:108D98007C11D0F8B01159B1D0F8B01100291CBF1E
:108DA800D0F8B011002903D0D0F8B0110029F0D1C3
:108DB8004FF0FF31C0F8B411D0F8B41159B1D0F860
:108DC800B41100291CBFD0F8B411002903D0D0F881
:108DD800B4110029F0D1201D109000200821CDE900
:108DE800060101210C9008900390019001A800F160
:108DF800400500F11006059103E00598022800F0EF
:108E080017813046294600F0C8F9002800F0108183
:108E1800007C10F07F01F0D0226A0829119180F0BF
:108E28001D81013940B2B0F1FF3F6FF40C00C9B2A7
:108E380002EB8101D1F8C421C8BF6FF08C0000EAB1
:108E480002004FF40022C8BF08221043C1F8C40131
:108E5800D3E700F0E0FF054600F0CBFF2068E90704
:108E680075D1002840F0F480206A4FF0FF3121606E
:108E7800D0F8B811C0F8B811D0F8BC11C0F8BC11BE
:108E8800D0F87811C0F878110021C0F87C11D0F81A
:108E9800B01159B1D0F8B01100291CBFD0F8B011E9
:108EA800002903D0D0F8B0110029F0D14FF0FF31DC
:108EB800C0F8B411D0F8B41159B1D0F8B4110029E0
:108EC8001CBFD0F8B411002903D0D0F8B411002980
:108ED800F0D1201D109000200821CDE906010121C4
:108EE8000C9008900390019001A800F1400500F152
:108EF8001006059103E00598022800F0A08030468E
:108F0800294600F04AF9002800F09980007C10F00A
:108F18007F01F0D0226A0829119180F09F800139E1
:108F280040B2B0F1FF3F6FF40C00C9B202EB81010F
:108F3800D1F8C421C8BF6FF08C0000EA02004FF4DA
:108F48000022C8BF08221043C1F8C401D3E7002893
:108F58007ED1206A4FF0FF312160D0F8B811C0F8F7
:108F6800B811D0F8BC11C0F8BC11D0F87811C0F80D
:108F780078110021C0F87C11D0F8B01159B1D0F89F
:108F8800B01100291CBFD0F8B011002903D0D0F8C7
:108F9800B0110029F0D14FF0FF31C0F8B411D0F86A
:108FA800B41159B1D0F8B41100291CBFD0F8B411CC
:108FB800002903D0D0F8B4110029F0D1201D109059
:108FC80000200821CDE9060101210C9008900390AA
:108FD800019001A800F1400500F11006059102E09A
:108FE8000598022824D03046294600F0D6F8F8B172
:108FF800007C10F07F01F3D0226A082911912DD24C
:10900800013940B2B0F1FF3F6FF40C00C9B202EB76
:109018008101D1F8C421C8BF6FF08C0000EA0200BA
:109028004FF40022C8BF08221043C1F8C401D7E793
:1090380020680130206014B05DF804BBF0BD2068E2
:109048000130206000F0D7FE14B05DF804BBF0BD1D
:1090580040F6BC70C2F2200001F02AFD47F64550E8
:1090680041F25C02C0F2000012A9139011A81290FC
:1090780040F2D340C2F22000C2F2200201F0E0FD2B
:10908800B0B502AF86B0BD6807F8192C91F8342046
:10909800CDE90435A7F11903012ACDE9021304D15A
:1090A80002A9FEF797FF06B0B0BD044600F0B3FE74
:1090B800054600F09EFE02A92046FEF78BFFE80752
:1090C80008BF00F098FE06B0B0BDB0B502AF0446C8
:1090D80090F83400012801D120681BE000F09BFEC5
:1090E800054600F086FE2068E90713D1002801BF75
:1090F800206AD0F8401141F00101C0F8401104BFC6
:10910800BDE8B04000F077BE40F6BC70C2F2200067
:1091180001F0CEFC002801BF206AD0F8401141F0D0
:109128000101C0F8401108BFB0BDEDE7B0B502AF0E
:1091380088B007F8221CA7F122010791A7F11F01A7
:109148000691A7F11E01D7E9024507F8212CA7F1DE
:109158002102059190F8341007F8203C012907F8FE
:109168001F4C27F81E5CCDE9030204D103A8FFF7C2
:109178006AF908B0B0BD00F04EFE044600F039FEB2
:1091880003A8FFF760F9E20705D104460D4600F091
:1091980032FE2946204608B0B0BDB0B502AFC26A5B
:1091A800C168012903D1D0E90413994250D101685B
:1091B800012941D1D0E9011399423DD200F1180C9F
:1091C8004FF0020E012403E0D0E90113994233D293
:1091D8004B1C436041F08003C9B2C0F814E041EA77
:1091E800032101830021C46003E0D0E904139942FC
:1091F800EAD01CF80130013101615568590041EA93
:10920800D311CBB29D42F0D9956901F00F012D68B9
:10921800BFF35F8FADB225FA01F1C907E5D05169F7
:10922800994269D9116903EB830301EB8303197C24
:109238004906DAD01846B0BDC1690023C3600129C8
:1092480003D1D0E90815A9422BD1C3611846B0BD96
:1092580000F1180C03E0D0E904139942A7D01CF8D8
:109268000130013101615468590041EAD311CBB290
:109278009C42F0D9946901F00F012468BFF35F8F15
:10928800A4B224FA01F1C907E5D05169994233D94A
:10929800116903EB830301EB8303197C4906DAD0D8
:1092A800C8E700F1280E03E0D0E90815A942CCD0A0
:1092B8001EF80150013101625468690041EAD51174
:1092C8005FFA81FC6445EFD9946901F00F012468C5
:1092D800BFF35F8FA4B224FA01F1C907E4D0516942
:1092E800614510D911690CEB8C0501EB85010D7CEA
:1092F8006D06D9D00846B0BD41F28C021846C2F2BC
:10930800200201F083FC41F28C026046C2F2200286
:1093180001F07CFCF0B503AF2DE9000B84464668EC
:10932800C8B24D0045EAD014E0B2864217D9DCF83D
:10933800189004F00F04D7F80880012606FA04FEF6
:10934800BFF35F8F59E8006F46EA0E0449E800450D
:10935800002DF7D116EA0E0FBFF35F8F03D0002060
:10936800BDE8000BF0BDDCF80CE0864542D9DCF81E
:1093780014E0864545D9DCF800601D46B3F5806FDA
:1093880006EB8014266846F000562660266828BF3B
:109398004FF480656FF31A4646EA0546266026684C
:1093A8005FEA0865DCF808E026F40049DCF810C03C
:1093B8004EB24D4608BF05F50045B6F1FF3FD8BF90
:1093C8004D462560450101264EF805600EEB401616
:1093D80000EB8000756825F0FF0575604CF82020CB
:1093E8000CEB80000174011D80F8118058C1BDE8A4
:1093F800000BF0BD41F26C027146C2F2200201F08E
:1094080005FC41F27C027146C2F2200201F0FEFB2B
:10941800F0B503AF4DF8048D82B005468846EE6876
:109428000121006831607168F26162F31E41716068
:10943800CAB1B06040F6FF71B068884300F580504B
:10944800F060F0686FF30B0000F580503061306910
:109458006FF30B0000F58050706170696FF30B00BB
:1094680000F5805004E00020B060F0603061706169
:10947800B0618021706840F400407060706861F3EA
:1094880007007060009600F0BEFC4EF670746846E7
:10949800CEF2000420F01C00206000F0B4FC00F0C4
:1094A800B5FCA8688660C16821F0FF01C160019021
:1094B80000F0A9FC01A820F01C00206020302060EA
:1094C80000F0A1FC00F0A2FC95F910104FF47F0207
:1094D800D8F800004FF48033B1F1FF3F01F01F01CD
:1094E800C8BFFF22C8BF012303FA01F11140C0F829
:1094F800B011D0F8B01159B1D0F8B01100291CBF83
:10950800D0F8B011002903D0D0F8B0110029F0D15B
:1095180002B05DF8048BF0BDF0B503AF2DE9000B88
:109528000346D0E901C0DC680068D4F804E0C0F361
:109538000A40E469824238BF1046CEF30E42A21AAE
:10954800824238BF1046844538BF604648B1D3F8D8
:10955800008000F0030C042806D20023BCF1000FA1
:109568001FD1BDE8000BF0BD40F2FC7300EA030E0A
:1095780001F10109002308EB030618F8035009EB71
:109588000304727809F8032004339E45B27804F87E
:10959800015C6270F278A270EDD19844BCF1000FC2
:1095A800DFD098F80020BCF1010FCA54D9D0194473
:1095B80098F80120BCF1020F4A701CBF98F80220ED
:1095C8008A70BDE8000BF0BDF0B503AF4DF804BDDF
:1095D80091F82330012591F8226091F82440002B5E
:1095E80091F82510D0E9052C0CF1020E01770CF149
:1095F8000401C0E900516FF07F0518BF6FF03F0507
:1096080096451CD80CF580731146934238BF19460D
:10961800734532D3A1EB0E01072910D345EA441153
:1096280004694FF0807344F80E3004EB0E0359714F
:1096380000219E7119710CF10903934203D902208C
:109648005DF804BBF0BD94451ED2092104F80C1046
:109658000CF1010191423FBF02226254836108204C
:109668003CBF5DF804BBF0BD41F2BC030846C2F242
:10967800200311461A4601F0C9FA41F2CC0370469C
:10968800C2F2200301F038FA41F2AC036046C2F29C
:10969800200311461A4601F0B9FAF0B503AF2DE9D7
:1096A800000B9446120601D042690AE00268012ABA
:1096B8003AD14468426994425CD20669355D013505
:1096C8003555D0F818E04FF00108D7E904490EF1F4
:1096D8000405002CC0E9028508BFA1460EF102046A
:1096E80094421DD80EF580761546964238BF354609
:1096F800A64237D32D1B072D12D30569D7E9028659
:1097080029552919CB7000238B700EF10903934258
:1097180081F806904E7181F8048081F801C007D95C
:109728000220BDE8000BF0BD0720BDE8000BF0BD2E
:10973800964528D2092105F80E100EF10101914233
:109748003FBF04226A54836108203CBFBDE8000B78
:10975800F0BD41F2BC030846C2F2200311461A4686
:1097680001F054FA41F2CC032046C2F22003294604
:1097780001F0C2F941F2DC032046C2F2200311468F
:109788001A4601F043FA41F2AC037046C2F22003D4
:1097980011461A4601F03AFA4269032A81BF016963
:1097A80080694880704780B56F4641F2EC0302201B
:1097B800C2F22003042101F09FF9F0B503AF2DE9AF
:1097C800000B057F012D35D11546D0E9052C0CF18C
:1097D800020E96451ED80CF580761446964238BF80
:1097E800344676452AD3A4EB0E04062C12D304691A
:1097F8000026D7E9028904F80E1004EB0E018B70DD
:109808000CF1080393424E7181F8049081F80380AB
:109818004D7003D90220BDE8000BF0BD944515D268
:10982800082104F80C100CF10101914217D20B2207
:10983800836162540820BDE8000BF0BD41F2CC03FF
:109848007046C2F22003214601F056F941F2AC03FA
:109858006046C2F2200311461A4601F0D7F941F2D8
:10986800BC030846C2F2200311461A4601F0CEF99D
:10987800F0B503AF2DE90007D0E9058A04460AF1DF
:109888000200404518D80AF580754646454538BF58
:109898002E4685422BD3361AB3420DD82646246964
:1098A8008946114620441A461D4601F0B6FAA81CFE
:1098B8000AEB0001414503D90220BDE80007F0BDCD
:1098C800C2451CD204F80A000AF1010040453FBF16
:1098D80004F80090B1610820BDE8000738BFF0BD6A
:1098E80041F2BC024146C2F2200201F08FF941F276
:1098F800CC033146C2F22003424601F0FDF841F2A2
:10990800AC025046C2F22002414601F07FF9F0B5A0
:1099180003AF2DE9000F87B0D1F800A00E698D685C
:10992800BAF1000F18BF4FF0010A002E18BF032626
:10993800002D18BF0225D0E9052C0CF1020E964522
:1099480004D9022007B0BDE8000FF0BD0CF5807304
:109958001446934238BF1C4673455BD3A4EB0E03F1
:10996800102B04D2022007B0BDE8000FF0BD91F81B
:1099780021300124069391F820300393CB7F049380
:109988008B7FB1F81A80B1F81890898B0593D0F8BD
:1099980010B00B0A02934FEA182301934FEA1923D8
:1099A80000934FF404732BF80E300BEB0E039972EF
:1099B800019959720099D9710699597103991971C8
:1099C80004999E73029ED9700599DC735D7383F8C0
:1099D8000CA0DE7283F8088083F8069099700CF169
:1099E8001203934204D9022007B0BDE8000FF0BD6E
:1099F800944517D212210BF80C100CF10101914279
:109A080019D20122836108200BF8012007B0BDE8B4
:109A1800000FF0BD41F2CC037046C2F2200321468C
:109A280001F06AF841F2AC036046C2F22003114625
:109A38001A4601F0EBF841F2BC030846C2F22003D3
:109A480011461A4601F0E2F8F0B503AF2DE9000F10
:109A580083B096460646D0E90520831C934204D974
:109A6800022003B0BDE8000FF0BD904280F087806F
:109A7800356900232B54431C934280F0888002965A
:109A88000326EE542B1801EB0E0B03F1020C019583
:109A980000254FF0000A4419BAF1000F04F1020E34
:109AA8000BD10EE02CF805A00235CA4641464419F0
:109AB800BAF1000F04F1020E03D04FF000098846F6
:109AC80042E0594550D0884618F9013BB3F1FF3FB1
:109AD8005FFA83FA36DC4E780AF01F08BAF1E00F15
:109AE80006F03F0620D38B78BAF1F00F03F03F035E
:109AF80043EA86161DD3CB7803F03F0343EA861367
:109B080008F0070601F1040843EA86490021B1EB91
:109B1800194F16D009F57F01372363F39F294FF4B6
:109B2800584343EA912A0FE046EA881A01F10208ED
:109B380008E046EA083901F103080021B1EB194FA2
:109B4800E8D1CA464FF000099645BFF489AF211DF8
:109B58001EF1030F98BF9142A4D941F21C1370461D
:109B6800C2F2200300F0C8FF019AA91C1154029800
:109B7800C0F818E0082003B0BDE8000FF0BD41F2BE
:109B8800FC031146C2F220031A4601F03FF841F2E5
:109B98000C1C1846C2F2200C1146624601F036F839
:109BA80080B56F4684B0D7F808E094460022029248
:109BB800CDE9003E6346FFF770FD04B080BDF0B507
:109BC80003AF4DF804BD0568012D15D1D0E9010694
:109BD8007469A04246D23469255C013525540224B3
:109BE800D6E905C01D180335654598BFFC2B08D973
:109BF80020465DF804BBF0BD072420465DF804BB91
:109C0800F0BD604535D23569DC1C2C54441CD6F8AF
:109C180014C0644534D2D6F810C010250CF804508E
:109C2800841CD6F814C0644532D2356903302955EE
:109C3800C418D6F814C00DD264450BD8316908444D
:109C480011461A4601F0E9F8B461082420465DF887
:109C580004BBF0BD41F26C132146C2F220036246F8
:109C680000F04AFF41F22C122146C2F2200200F015
:109C7800CDFF41F23C126146C2F2200200F0C6FF5D
:109C880041F24C12C2F220022046614600F0BEFFAB
:109C980041F25C12C2F220022046614600F0B6FF93
:109CA800B0B502AF83680121D3E9052C0CF1040497
:109CB8000CF1020E9645C0E9001416D80CF5807414
:109CC8001146944238BF2146744532D3A1EB0E01A8
:109CD80003290AD31C69002504EB0E0124F80E5051
:109CE8008D700CF10501914201D90220B0BD944557
:109CF80026D2052504F80C500CF1010C94453FBF01
:109D08000F2204F80C20996140F629423FBFC2F2A5
:109D1800200202210423BDE8B04038BFFFF74FBF3F
:109D280041F2BC03C2F22003114660461A4600F015
:109D38006DFF41F2CC037046C2F2200300F0DCFE56
:109D480041F2AC03C2F22003114660461A4600F005
:109D58005DFF8168002303604A69032A81BF08699F
:109D680089694180704780B56F4641F27C130220B3
:109D7800C2F22003042100F0BFFE014640681F28FC
:109D88009FBF896801EB40104FF4805100229FBFAC
:109D9800425000F58050828082719FBFC2718260FC
:109DA800C26002619FBF8282C282826182839CBF3D
:109DB800C283704780B56F4641F28C122021C2F2EF
:109DC800200200F023FFD0B502AF00F024F80121F3
:109DD80021EA000400F00DF82046D0BD80B56F469A
:109DE800002808BF80BDBDE8804000F004B800BE70
:109DF800704772B6704762B67047012101EB500098
:109E08000138FDD17047BFF34F8F7047BFF36F8F95
:109E1800704700BF7047EFF31080704780B56F46FA
:109E2800D0E90002D268BDE88040104780B56F468F
:109E38000B46014610461A46BDE8804000F0D0BAED
:109E480080B56F460B46D0E900121846BDE8804041
:109E580000F0C6BAF0B503AF2DE9000F85B0034690
:109E68009446B0F57A7F5ED3CDE9021241F29C1494
:109E7800039AA1F1020E4FF0000C6FF0030A6FF085
:109E880002056FF00106C2F220048046019041F2FB
:109E9800597012EB0A03CDF2B710A8FB0030C0F0DE
:109EA8008D80410B42F2107001FB1083049141F246
:109EB8007B410EEB020B98B2800848434FEA5049A9
:109EC80014F819000BF8020C501975D304EB49006B
:109ED80040780BF8010C90196CD3642009FB103002
:109EE80080B214F810300EF8023002EB0C03013B7C
:109EF800934257D204EB4000049BAEF1040E043E9B
:109F08004078043D8BF8010049F27F60AAF1040A09
:109F1800ACF1040CC0F2980080459846B7D8039A73
:109F2800DDE901019444092B21D9ACF102059542E0
:109F38004ED29EB241F29C1EB40841F27B46664363
:109F4800C2F2200EACF1010C94454FEA56484FF08E
:109F5800640608FB1636B6B21EF816404C5540D2B9
:109F68000EEB4606767801F80C6018B90AE09846B8
:109F7800654638B1B8F1000F04D1284605B0BDE8F0
:109F8800000FF0BD013D954222D241F29C12C2F26F
:109F9800200202EB480040784855284605B0BDE845
:109FA800000FF0BD039941F26422C2F22002184664
:109FB80000F02CFE901903E0501901E002EB0A00B2
:109FC80041F26423C2F2200311461A4600F01EFE35
:109FD80041F2642C2846C2F2200C1146624600F079
:109FE80015FE41F264236046C2F2200311461A4668
:109FF80000F00CFEB0B502AF86B00068A7F11205FC
:10A008000C460A222946FFF725FFC0F10A01284419
:10A0180001220023CDE900012046012100F0ACF81F
:10A0280006B0B0BDF0B503AF2DE9000F85B0064608
:10A038009B468A46D80764D115780020002D6ED03B
:10A04800DAF80C904FF0000802E01578002D6AD07D
:10A05800541C68B2B0F1FF3F07DD304621462A465E
:10A06800C84700285AD16219EFE7802D09D0C02DC2
:10A0780012D15BF83800002104912021C6F20001BA
:10A0880031E0B2F80140D51C304629462246C8477F
:10A09800002843D12A19D8E7E80703D12021C6F2BE
:10A0A800000102E0D2F80110541DA8074CBF34F893
:10A0B800022B002268074CBF34F8023B0023280714
:10A0C80048BF34F8028BE80644BF0BEBC200828815
:10A0D800A80644BF0BEBC30083885BF83800ADF8D3
:10A0E8001230ADF8102003910BEBC801CDF808A091
:10A0F8004A6801A90196904780B908F101082246EB
:10A10800A3E74FEA5B031146DAF80CC030461A465B
:10A1180005B0BDE8000FBDE8F0406047012005B07C
:10A12800BDE8000FF0BD002005B0BDE8000FF0BD90
:10A13800F0B503AF4DF8048DD7F808801C460E46DD
:10A14800B2F5881F0AD0336911460546984701467B
:10A15800284619B101205DF8048BF0BD3CB1F368C5
:10A16800214642465DF8048BBDE8F04018470020C0
:10A178005DF8048BF0BD0000F0B503AF2DE9000FCA
:10A1880087B0FE681C461546814659B1D9F808B013
:10A198001BF4001006EB50584FF02B0008BF4FF48B
:10A1A800881004E0D9F808B006F101082D200690BF
:10A1B800B86805905FEA0B2017D40025B9F80CA001
:10A1C800D045C0F0818020462B46D9E90045009053
:10A1D8002946069A2046FFF7ABFF002841D0012404
:10A1E800204607B0BDE8000FF0BD102C43D2002C6C
:10A1F80046D004F0030CA0084FF0000242D000F053
:10A2080003006B1CCDE90364AA46A2EB800E6FF035
:10A2180003041E19043496F9031096F9065096F9AA
:10A22800050011F1410F96F90460C8BF013216F11B
:10A23800410FC8BF013210F1410FC8BF013215F1FB
:10A24800410F0EEB0400C8BF01320430E1D1211DDB
:10A25800039E049C10460A465546BCF1000F15D1D2
:10A268002CE0EB6820460599324607B0BDE8000FA0
:10A27800BDE8F04018472846214600F0A4F91DE043
:10A2880000201BE00020BCF1000F17D0A95611F1E7
:10A29800410FC8BF0130BCF1010F0FD02A4492F919
:10A2A800011011F1410FC8BF0130BCF1020F05D0F8
:10A2B80092F9021011F1410FC8BF01308044B9F87A
:10A2C8000CA0D045BFF47FAF5FEACB1004940ED446
:10A2D800CBF341700396AAEB08026FF35F5B00248F
:10A2E800AA46DFE800F040023E0214463BE0D9E906
:10A2F80002102B46D9E900B401900020C9F6E0709D
:10A3080002910840214640F0005040F03000C9F862
:10A318000800049800905846069AFFF709FF00289D
:10A3280042D1AAEB08000396002586B2A8B2B04233
:10A3380007D2226958463021904701350028F5D0C8
:10A3480032E005995846039AE368984760BBDDE90F
:10A3580001100024C9E90201204607B0BDE8000F3A
:10A36800F0BD90B24408D9E9005800260292A0B284
:10A37800B1B2814208D2D8F81020284659469047F1
:10A3880001360028F3D00FE0049841460090284693
:10A39800069A5346FFF7CCFE30B905992846039A2A
:10A3A800D8F80C30984728B10124204607B0BDE8FA
:10A3B800000FF0BD02980026001B1FFA80F9002448
:10A3C800B0B2484538BF0124BFF40AAFD8F810200E
:10A3D80028465946904701360028F0D000E700008B
:10A3E800F0B503AF2DE9000F81B0D0F8089093467F
:10A3F800884619F0C05F00F079805FEAC9013CD453
:10A40800BBF1100F57D2BBF1000F00F0B3800BF077
:10A41800030C5FEA9B014FF0000300F0AD8001F0F0
:10A42800030108F1010A6FF00305A3EB810E002177
:10A438000AEB0504043594F9033094F9062094F9DD
:10A44800056013F1410F94F90440C8BF013114F1BC
:10A45800410FC8BF013116F1410FC8BF013112F1D8
:10A46800410F0EEB0502C8BF01310432E0D12B1DAC
:10A47800BCF1000F40F0848029E0C18919B308EBD2
:10A488000B034FF0000B45460A4607E0F02D2CBFA2
:10A49800351DF51CAE1B013AB34416D09D4215D0AC
:10A4A8002E4615F9014BB4F1FF3FF3DCE5B2E02D80
:10A4B800ECD2B51CEEE704464046594600F083F856
:10A4C8000146204603E04FF0000B0022891A8289DA
:10A4D80091420BD2531AC9F341716FF35F590026A9
:10A4E800DFE801F011020F111E460CE0D0E900016F
:10A4F8005A46CB68414601B0BDE8000FBDE8F040C0
:10A50800184799B24E08D0E9005A00240093B0B217
:10A51800A1B281420DD2DAF8102028464946904768
:10A5280001340028F3D00126304601B0BDE8000F01
:10A53800F0BDDAF80C30284641465A46984728B10B
:10A548000126304601B0BDE8000FF0BD0098002498
:10A55800801B1FFA80F80026A0B2404538BF0126AC
:10A56800E2D2DAF8102028464946904701340028FC
:10A57800F1D0D9E70021AAE70021BCF1000FA6D04D
:10A5880018F9032012F1410FC8BF0131BCF1010FC6
:10A598009DD0434493F9012012F1410FC8BF013106
:10A5A800BCF1020F3FF493AF93F9022012F1410F6F
:10A5B800C8BF01318BE780B56F46D0E90003DB687F
:10A5C800BDE880401847F0B503AF2DE9000F82B011
:10A5D8008146033020F00300A0EB090A514537D229
:10A5E800002948D001F0030C88084FF0000100F062
:10A5F8003B82A1EB800E09F101066FF00305721989
:10A60800043592F9033092F9064092F9050013F1E6
:10A61800410F92F90420C8BF013112F1410FC8BFA0
:10A62800013110F1410FC8BF013114F1410F0EEB98
:10A638000500C8BF01310430E1D12A1D0846114682
:10A64800BCF1000F40F0158202B0BDE8000FF0BD6C
:10A65800A1EB0A085FEA980BC2D008F0030E484540
:10A6680001D100204BE0A9EB000010F1040F07D93D
:10A678000026002029E0002002B0BDE8000FF0BD50
:10A6880009F1010C00206FF003010CEB010696F9AB
:10A69800035096F9062096F9054015F1410F96F9F1
:10A6A8000460C8BF013016F1410FC8BF013014F172
:10A6B800410FC8BF013012F1410F01F10402C8BFB8
:10A6C800013011F108061146DFD119F9061011F110
:10A6D800410FC8BF0130BAF1010F10D009EB0601D4
:10A6E80091F9012012F1410FC8BF0130BAF1020FF0
:10A6F80005D091F9021011F1410FC8BF01304FF692
:10A70800FC7109EB0A02C1F6FF710025BEF1000FCA
:10A718001CD001F1C04101EA0801114491F900403F
:10A7280014F1410FC8BF0125BEF1010F0ED091F9F8
:10A73800014014F1410FC8BF0135BEF1020F05D029
:10A7480091F9021011F1410FC8BF0135284411E0F9
:10A7580000263FFA86F33FFA96F63344ABEB090B33
:10A7680008EB890219F0030103EB034300EB1340E4
:10A7780040F04981BBF1000F3FF466AF9046BBF152
:10A78800C00FD94628BF4FF0C009BBF1040FDFD373
:10A798006FF00F01012201EB8901302902EB111240
:10A7A800CDE9002802D200264546AEE04FF6FC71FE
:10A7B8000026C1F6FF7102EA010A454695E81450E1
:10A7C800BAF1040A69696FEA02084FEAD81343EA42
:10A7D80092126FEA040322F0FE324FEAD313324496
:10A7E80043EA94132E6923F0FE33D5F83C801344D2
:10A7F8006FEA0C024FEAD214AA6B44EA9C1424F0C4
:10A80800FE3423446FEA0E044FEAD41444EA9E143B
:10A8180024F0FE3404EB030C6FEA06044FEAD41468
:10A8280044EA9616AB696FEA010426F0FE364FEA51
:10A83800D41444EA9111B444EE696FEA030421F098
:10A84800FE314FEAD41444EA93138C44296A6FEA20
:10A85800060423F0FE334FEAD41444EA96169C44C7
:10A868006B6A6FEA010426F0FE364FEAD41444EA14
:10A878009111B444AE6A6FEA030421F0FE314FEA45
:10A88800D41444EA93138C44E96A6FEA060423F06B
:10A89800FE334FEAD4149C442B6B44EA96166FEAB5
:10A8A800010426F0FE364FEAD41444EA91116FEA07
:10A8B8000304B4446E6B21F0FE314FEAD41444EA29
:10A8C8009313614423F0FE3305F1400519446FEA00
:10A8D80006034FEAD31343EA961323F0FE331944D1
:10A8E8006FEA02034FEAD31343EA921222F0FE32D0
:10A8F80011446FEA08024FEAD21242EA981222F093
:10A90800FE3202EB01067FF459AF0099DDF80480AE
:10A9180011F0030C3FF41DAF95E81C40BCF1010F8A
:10A928006FEA02014FEAD11141EA92116FEA03027C
:10A938004FEAD21221F0FE3142EA9312314422F05A
:10A94800FE3211446FEA04024FEAD21242EA94122C
:10A9580022F0FE3211446FEA0E024FEAD21242EAA6
:10A968009E1222F0FE3202EB01063FF4F2AE05F130
:10A97800100EBCF1020F9EE80E406FEA01044FEA88
:10A98800D41444EA91116FEA020421F0FE314FEA2F
:10A99800D41444EA9212314422F0FE3211446FEA90
:10A9A80003024FEAD21242EA931222F0FE32114415
:10A9B8006FEA0E024FEAD21242EA9E1222F0FE32EB
:10A9C80002EB01063FF4C5AE20352ECDCC43E40999
:10A9D80044EA911121F0FE313144D643F60946EAA2
:10A9E800921222F0FE321144DA43D20942EA93125B
:10A9F80022F0FE321144EA43D20942EA951222F0CB
:10AA0800FE325618A5E609F0FC03012958F8232060
:10AA18006FEA02064FEAD61646EA921222F0FE3292
:10AA280015D008EB830302295E686FEA06054FEA32
:10AA3800D51545EA961626F0FE36324407D09968B1
:10AA4800CB43DB0943EA911121F0FE310A443FFA76
:10AA580082F13FFA92F2114401EB014100EB1140FF
:10AA680002B0BDE8000FF0BD0020BCF1000F3FF4BC
:10AA7800EBAD19F9012012F1410FC8BF0130BCF14B
:10AA8800010F3FF4E1AD494491F9012012F1410F62
:10AA9800C8BF0130BCF1020F3FF4D6AD91F90210E6
:10AAA80011F1410FC8BF013002B0BDE8000FF0BD81
:10AAB80080B56F4684B0024648F6D910C0F200004F
:10AAC80001A90290781E019040F2B320C2F2200042
:10AAD80000F0B6F880B56F4684B0024648F6C1105B
:10AAE800C0F2000001A90290781E019040F2B32044
:10AAF800C2F2200000F0A4F880B56F4686B09042FC
:10AB080013D9CDE9000247F6455001A9C0F200006B
:10AB18000590CDE903016846029040F28750C2F2E1
:10AB2800200002A91A4600F08BF8914215D88842F5
:10AB380013D9CDE9000147F6455001A9C0F200003C
:10AB48000590CDE903016846029040F20130C2F257
:10AB5800200002A91A4600F073F847F64550CDE9DF
:10AB68000012C0F2000001A9059003906846029007
:10AB780040F29C400491C2F2200002A91A4600F05B
:10AB88005FF880B56F4684B0CDE9000147F6913093
:10AB9800C0F2000002A903906846029040F2B32078
:10ABA800C2F2200000F04CF880B56F46024641F230
:10ABB8007420C2F220002B2100F03CF880B56F46CB
:10ABC80088B08DE80F0002A840F2620CD7F808E0C0
:10ABD80047F66D34069047F69130C0F20000C2F295
:10ABE800200C0590684604A9C0F200040490604651
:10ABF8007246079400F024F880B56F46024641F289
:10AC08009F20C2F22000332100F01AF8FEB506AFEB
:10AC1800CDE90001694605480590CDE9030101A881
:10AC2800029002A9024800F00BF800BF457D000021
:10AC38002903202080B56F464900013100F000F853
:10AC480080B56F4686B0CDE901010120ADF814004A
:10AC580001A8039003A80492FAF731F880B56F466B
:10AC6800D0E90023D1E90001BDE88040FFF7DAB957
:10AC780080B56F46084640F65C01C2F220012022EA
:10AC8800BDE88040FFF7ACBB80B56F46084641F28F
:10AC9800B821C2F220011822BDE88040FFF7A0BB0E
:10ACA800F0B503AF4DF8048D88B0D1E9005441F2F6
:10ACB800D021E6688046C2F220010C222846B0471F
:10ACC80020B1012008B05DF8048BF0BDD8F804006D
:10ACD80002ABD0E90012CDE9001200F10C020830F5
:10ACE80047F64551049047F69130C0F20001C0F292
:10ACF8000000CDE9051240F2B4720390684607914E
:10AD0800C2F22002029028462146FFF78BF920B1B3
:10AD1800012008B05DF8048BF0BD41F2DC21284623
:10AD2800C2F220010222B04720B1012008B05DF82C
:10AD3800048BF0BDD8F800002146D0E9002328464E
:10AD4800FFF770F908B05DF8048BF0BD002A04BF66
:10AD580000207047F0B503AF2DE9000BA2F1010EFA
:10AD6800C2F1000C00240B5D055D9D4224D1A6456F
:10AD78001ED001EB040800EB040998F8013099F89B
:10AD880001509D4218D10CEB0406B31C10D098F862
:10AD9800023099F802509D420ED1F31C08D098F861
:10ADA800033099F803509D4206D10434A242DAD107
:10ADB8000020BDE8000BF0BDE81ABDE8000BF0BDAF
:10ADC80080B56F46002321F00042C3F6F0739A4223
:10ADD8003CBF002080BD0023C4F2E0139A420FD28A
:10ADE8001E23400DA3EB125340EAC22003F01F03B9
:10ADF80040F00040002920FA03F048BF404280BDDF
:10AE080000230138C7F6F07372EB03002EBF002051
:10AE18006FF0004080EAE17080BD80B56F46BDE804
:10AE2800804000F000B8F0B503AF2DE9000F8CB0FA
:10AE3800102A1ED3434203F0030800EB080398428C
:10AE480033D2A8F1010C06460C46B8F1000F1AD00F
:10AE58000C46064614F801EBB8F1010F06F801EBB1
:10AE680011D04E78B8F1020F467008D18C1C861CA0
:10AE780009E084460CEB02039C4540D36CE08E78D5
:10AE8800CC1C8670C61CBCF1030F0ED3043C043ED8
:10AE980014F8045F06F8045F65787570A578B570D6
:10AEA800E578F570351D9D42F2D1A2EB080E01EB55
:10AEB80008042EF0030214F0030603EB020C59D128
:10AEC800634515D221460D6843F8045B63450FD2EC
:10AED8004D6843F8045B63453EBF8D6843F8045BE7
:10AEE800634505D2CD68103143F8045B6345EAD366
:10AEF800A1180EF003020CEB02039C452CD2A2F120
:10AF0800010E12F0030413D00A46654612F8016BCD
:10AF1800012C05F8016B0DD04A78022C8CF8012021
:10AF28001ED18A1C0CF10205BEF1030F05D213E0F5
:10AF380065460A46BEF1030F0ED3111F2A1F11F8EA
:10AF4800046F02F8046F4E7856708E789670CE783B
:10AF5800D670161D9E42F2D10CB0BDE8000FF0BDB0
:10AF68008A780CF103058CF80220CA1CBEF1030F85
:10AF7800E3D2F1E74FF00009C6F1040A0BADCDF8B2
:10AF88002C9005EB060B5FEACA751EBF25788BF877
:10AF980000504FF00109A51B0795F50001955FEAE0
:10AFA8008A7544BF34F809502BF809501D1DDDF887
:10AFB8002CB06545019DAA46C5F100055CD27342D7
:10AFC800009501EB030905F0180105460791CDF836
:10AFD8001090C144079B2BFA0AFBD9F8041008917A
:10AFE80001FA03F305EB080143EA0B038B464BF820
:10AFF800083BE34542D2089B0395CDF8189023FA05
:10B008000AF5D9F80890079B059109FA03F32B4331
:10B018004B6001F10C03634536D2069DED68089537
:10B0280029FA0AF50295DDE9075101FA05F90599AA
:10B03800029D103145EA09056145CBF800502DD233
:10B048000699079DDDF81090D1F810B0089909F11C
:10B0580010090BFA05F521FA0AF12943039D196035
:10B06800103505EB0803191D6145B0D309EB08013C
:10B078000791DDF800A018E0AA4616E00B4609F192
:10B088000401079104330CE00699CB46DDF800A0D3
:10B0980008310791059901F1080306E006990C317A
:10B0A8000791DDF800A0DDF820B00025012E8DF80D
:10B0B800285007F8265C05D10DF128084FF0000943
:10B0C800002109E00799A7F126080D7949798DF83B
:10B0D80028504FEA01290221E60701D1002109E0A1
:10B0E800079D0435695C88F8001017F8261C9DF840
:10B0F8002850090441EA0901019E29430AF018056C
:10B10800A9402BFA06F631431960F1E6042A09D35F
:10B11800D0B502AFA2F1040E6FEA0E0313F00C0FC4
:10B1280006D123E00B46844660461946FFF77BBEEE
:10B138000B46844653F8044B1EF00C0F4CF8044B96
:10B1480009D04B6843600EF00C03042B07D1083A72
:10B158000831083008E072466046194606E08B68F8
:10B168000C3A83600C310C3084460B46BEF10C0F50
:10B1780014D384460B461868103ACCF80000032A0A
:10B188005868CCF804009868CCF80800D86803F12F
:10B198001003CCF80C000CF1100CECD8BDE8D04032
:10B1A80060461946FFF73FBE80B56F46BDE8804050
:10B1B80000F002B8000000FFF0B503AF2DE9000F62
:10B1C80083B083EA01069B4606F000460296C3F365
:10B1D8000A568A4640F2FF74C1F30A55B6EB0408D2
:10B1E8004FF00009019669F10006B5EB040C4FF623
:10B1F80002046FF31F5B6FF31F5A009569F1000E8D
:10B20800CFF6FF74BCEB04057EF1FF353DD3B8EBF8
:10B2180004044FF0FF35AE4137D3D3024FEACB25B4
:10B2280045EA5252A3FB00C642F000424AF4801499
:10B2380000214FF0000EE2FB0061A3FB0403851917
:10B2480051EB03004EF10003E2FB0403D902DDE9F0
:10B258000021114401EB090624D4690041EADC729B
:10B26800590041EAD07340004FEA4C0C40EAD570CF
:10B27800A6F2FF3640F2FE718E421ADC012E41DB47
:10B288006FF31F5343EA06538DE040F2000921F0A3
:10B298000044C7F6F079464279EB040617D241F428
:10B2A8000021B3E0A6F2FE362A4640F2FE718E4235
:10B2B800E4DD029840F0E04040F07F60002140EC7F
:10B2C800101B51EC100B03B0BDE8000FF0BD23F0CC
:10B2D8000041564279EB010609D243F4002040ECC4
:10B2E800102B51EC100B03B0BDE8000FF0BD84EA41
:10B2F8000903034374D152EA010077D0029840EA67
:10B308000900DBE7C6F101053F2D7DD806F13F01B5
:10B318006FF01E04A4EB060816F11F0BC5F12006FA
:10B3280003FA01FE20FA08F444EA0E0958BF00FAAD
:10B338000BF901962CFA05FA02FA06F62CFA08F42B
:10B348004AEA060E02FA01FA44EA0A040CFA01F67D
:10B3580058BF0CFA0BF458BF002600FA01F146EA70
:10B36800040658BF0021002E18BF0126B5F120049D
:10B3780058BF22FA04FE41EA0E0120FA05F041EA1C
:10B38800060C019903FA01F140EA010058BF23FABB
:10B3980004F022FA05F123FA05F358BF002141EA27
:10B3A800090258BF002302994FF000460B43DCF115
:10B3B800000176EB020101D2013007E082EA0601C2
:10B3C80051EA0C0104D100F00101401843F10003D7
:10B3D80043EC100B51EC100B03B0BDE8000FF0BDAF
:10B3E80081EA0903134309D1204387D19FED320B2A
:10B3F80051EC100B03B0BDE8000FF0BD50EA040398
:10B4080018BF52EA010309D10299002041EC100B40
:10B4180051EC100B03B0BDE8000FF0BD4FF0000C6D
:10B428004FF00009B4F5801F1FD2B0FA80F6BAF1C8
:10B43800000F06F1200618BFBAFA8AF606F135059C
:10B4480005F03F05C6F10C09C5F120030AFA05F419
:10B4580020FA03F343EA040AB5F1200358BF00FABF
:10B4680003FA00FA05F058BF0020BCEB115F7FF427
:10B47800D4AEB2FA82F1BBF1000F01F1200118BF7E
:10B48800BBFA8BF101F1350303F03F03A9EB01018E
:10B49800C3F1200501F10C090BFA03F622FA05F5B0
:10B4A80045EA060BB3F1200658BF02FA06FB02FA7A
:10B4B80003F258BF0022B0E6000000000000F87F49
:10B4C800F0B503AF4DF804BD002521F0004E4FF054
:10B4D800000CC7F6F075444275EB0E0414D323F044
:10B4E80000445642A5410FD3594080EA0203104355
:10B4F80044EA0E0219431043B1FA81F1B0FA80F020
:10B508004009490941EA000C60465DF804BBF0BDFA
:10B51800F0B503AF4DF804BD002421F0004E844679
:10B528000020C7F6F074DCF1000574EB0E0517D3A4
:10B5380023F000455642AC4112D342EA0C0445EAD6
:10B548000E0626430CD003EA0100B0F1FF3F0ADDE6
:10B55800B2EB0C024FF0000073EB0101B8BF012001
:10B568005DF804BBF0BDBCEB02024FF0000099414E
:10B57800B8BF01205DF804BBF0BDF0B503AF4DF8CE
:10B5880004BD002421F0004E84460020C7F6F07464
:10B59800DCF1000574EB0E0516D323F00045564286
:10B5A800AC4111D342EA0C0045EA0E0630430ED0F6
:10B5B80003EA0100B0F1FF3F0DDDBCEB02024FF0E2
:10B5C80000009941A8BF01205DF804BBF0BD01202F
:10B5D8005DF804BBF0BDB2EB0C024FF0000073EB5A
:10B5E8000101A8BF01205DF804BBF0BD21F00043B4
:10B5F80003F1304202F1016C03F1404202F1FE62B4
:10B6080062450ED2420F20F0604042EAC302B0F118
:10B61800805F19D902F18040013001F000410843F0
:10B62800704740F2000C4242C7F6F07C7CEB030204
:10B6380014D2400F40F2FF1240EAC30062F39F5059
:10B6480001F000410843704702F1804004BF02F056
:10B658000102104401F00041084370474FF6FF72A1
:10B66800C4F2EF72934205D94FF0FF4001F0004158
:10B678000843704740F28132A2EB1352342A04D9AE
:10B68800002001F0004108437047B0B502AF4FEA0F
:10B69800135CACF1010303F03F034FF0010E0D46BC
:10B6A800C3F120046EF31F5520FA04F405FA03FCD5
:10B6B8004CEA040CB3F1200458BF00FA04FC00FA69
:10B6C80003F3C2F1200458BF0023D04053EA0C030F
:10B6D80005FA04F440EA040018BF0123B2F120047B
:10B6E80058BF25FA04F043EA000325FA02F24FEAAC
:10B6F800507058BF002223F0604340EAC200B3F103
:10B70800805FBDE8B04004D9013001F00041084332
:10B71800704704BF00F00102104401F000410843E3
:10B72800704780B56F46042905D30B1FDA4312F022
:10B738000C0F02D11AE0024624E04FF0000C02463A
:10B7480042F804CB13F00C0F08D003F00C02C0F839
:10B7580004C0042A05D10839083006E01946104605
:10B7680004E000220C3982600C3002460C2B09D30D
:10B77800002302461039C2E90033C2E9023310320D
:10B788000329F7D85018824221D2A1F1010C11F0F7
:10B7980003030CD04FF0000E114601F801EB012B0A
:10B7A8000AD0022B82F801E003D1911C04E0114673
:10B7B80002E000219170D11CBCF1030F38BF80BD9D
:10B7C8000439002241F8042F0B1D8342FAD180BDB1
:10B7D80080B56F4682B043EC102B8DED000B9DF8C1
:10B7E8000730009A83F080038DF80730019B02B080
:10B7F800BDE8804000F000B8F0B503AF2DE9000FB8
:10B8080040F2000943EC112B41EC100B23F00048E7
:10B8180021F00045C8F210094FF0010C05EB0906AC
:10B82800441E76EB09065FD308EB0906B2EB0C045D
:10B8380076EB090658D3861A964675EB08061C4619
:10B8480088463FBF864610460C4698464546C8F38C
:10B858000A5C6FF31F55C4F30A59BCF1000F62D09C
:10B868006FF31F54B9F1000F00F0828083EA010AD8
:10B87800E10041EA5E71EA0041F4000142EA507BCE
:10B888004FEACE05CC4500F09680ACEB0906402E79
:10B8980080F08F80724202F03F02C2F12003B2F1C1
:10B8A800200401FA02FE05FA02F225FA03F343EA3C
:10B8B8000E0358BF05FA04F358BF00221A4325FAAD
:10B8C80006F3C6F1200518BF012201FA05F52B433E
:10B8D800B6F1200558BF21FA05F343EA020521FA1B
:10B8E80006F158BF002166E040F2000E4442C7F658
:10B8F800F07E7EEB050408D245F4002141EC100BE4
:10B9080051EC100BBDE8000FF0BD54427EEB08046B
:10B9180080F0EA8048F4002040EC102B51EC100B2A
:10B92800BDE8000FF0BDB0FA80F2002D02F1200A48
:10B9380018BFB5FA85FA0AF1350606F03F06B6F1E2
:10B94800200205FA06FCC6F1200520FA05F545EAAD
:10B958000C05CAF10C0C58BF00FA02F500FA06F003
:10B9680058BF00206FF31F54B9F1000F7FF47EAF6A
:10B97800BEFA8EF2002C02F1200A18BFB4FA84FA3B
:10B988000AF1350606F03F06B6F1200204FA06F978
:10B99800C6F120042EFA04F444EA0904CAF10C0999
:10B9A80058BF0EFA02F40EFA06FE58BF4FF0000E0A
:10B9B8005CE700210125C4004BF4000608F00040B4
:10B9C800BAF1FF3F0DDD2A197141CB0130D55FEA8D
:10B9D800510105F001034FEA32020CF1010C1A4340
:10B9E80026E0621B66EB010152EA010300F0998030
:10B9F8000023B3EBD15F1BD1B2FA82F3002903F124
:10BA0800200318BFB1FA81F3A3F10806C3F1280592
:10BA1800ACEB060CB140283B22FA05F541EA0501DA
:10BA280058BF02FA03F102FA06F258BF00220FE0EB
:10BA380040F2FE739C450BDD40F0E040002140F0F1
:10BA48007F6040EC101B51EC100BBDE8000FF0BDFF
:10BA5800BCF1010F2DDAACF1010303F03F03C3F190
:10BA6800200501FA03F622FA05F52E43B3F1200565
:10BA780002FA03F358BF02FA05F658BF002333430E
:10BA8800CCF1010606F03F0618BF0123C6F12005D8
:10BA98004FF0000CF24001FA05F52A43B6F12005F3
:10BAA80058BF21FA05F242EA030221FA06F158BF0B
:10BAB8000021D30843EA4173C1F3D30141EA0C5191
:10BAC800084302F00701042901D9013303E004D136
:10BAD80003F001015B1840F1000040EC103B51EC11
:10BAE800100BBDE8000FF0BD85EA0E0404431FD11A
:10BAF8009FED210B4240BCF1010683EA010382EA73
:10BB0800060269F58016734055EC104B1A431CBFAA
:10BB18000D46044645EC104B51EC100BBDE8000FE8
:10BB2800F0BD9FED130B51EC100BBDE8000FF0BDFD
:10BB380088EA0E06164308D1B0EE410AF0EE610A13
:10BB480051EC100BBDE8000FF0BD50EA050604D01B
:10BB580052EA08067FF46FAED2E6B0EE410A52EA26
:10BB68000806F0EE610A7FF4CBAE10401940C5E636
:10BB78000000000000000000000000000000F87F46
:10BB880080B56F46042905D30B1FDA4312F00C0F5A
:10BB980002D11AE0024624E04FF0000C024642F8B7
:10BBA80004CB13F00C0F08D003F00C02C0F804C04B
:10BBB800042A05D10839083006E01946104604E081
:10BBC80000220C3982600C3002460C2B09D300236A
:10BBD80002461039C2E90033C2E9023310320329A0
:10BBE800F7D85018824221D2A1F1010C11F00303B9
:10BBF8000CD04FF0000E114601F801EB012B0AD0D2
:10BC0800022B82F801E003D1911C04E0114602E006
:10BC180000219170D11CBCF1030F38BF80BD0439DD
:10BC2800002241F8042F0B1D8342FAD180BD002861
:10BC380025D080B56F46864640F21E4148BFC0F108
:10BC4800000EBEFA8EF2C2F10B03891AB2F10B0C88
:10BC58002EFA03F358BF0EFA0CF303EB0151A1F5CA
:10BC6800801302F115010EFA01F258BF0022BDE857
:10BC7800804000F0004043EA00011046704700226F
:10BC8800002300F0004043EA00011046704780B5E9
:10BC98006F46BDE88040FFF7AFBD80B56F4640F204
:10BCA800000C21F000414042C7F6F07C7CEB01001B
:10BCB8003CBF012080BD23F0004152424FF00000FC
:10BCC8007CEB010138BF012080BDB0B502AF10295F
:10BCD8003FD3424202F003054219904220D2A5F117
:10BCE800010C8DB1002386460EF8013B012D07D0CB
:10BCF8004370022D1ABF837000F1030E00F1020E8B
:10BD0800BCF1030F04D20BE08646BCF1030F07D346
:10BD1800AEF10400002340F8043F041D9442FAD118
:10BD2800491B21F003001044824210D2002342F83C
:10BD3800043B82420BD242F8043B82423CBF42F8A9
:10BD4800043B824203D242F8043B8242EFD301F023
:10BD58000301421890421FD24B1E11F003040CD06D
:10BD68004FF0000C014601F801CB012C0AD0022C3F
:10BD780080F801C003D1811C04E0014602E00021E3
:10BD88008170C11C032B38BFB0BD081F002140F8CB
:10BD9800041F031D9342FAD1B0BD80B56F4620F051
:10BDA8000041A1F50002B2F1FE4F04D24FF06052FB
:10BDB80002EBD10307E0CA0DFE2A0BD90022C7F611
:10BDC800F07242EAD1034A0700F0004043EA00015A
:10BDD800104680BDF1B1B1FA81F2C2F10B03B2F1A4
:10BDE8000B0C21FA03F358BF01FA0CF383F4801CFF
:10BDF80040F28933A3EB020302F115024CEA035324
:10BE080001FA02F258BF002200F0004043EA0001A4
:10BE1800104680BD0022002300F0004043EA0001E4
:10BE2800104680BD10B584B002AC009400F004F850
:10BE3800029A039B04B010BD80B56F4686B0844655
:10BE480002A8CDE9002362460B4600F00DF8D7F8AA
:10BE580008C0DDE90201BCF1000F1CBFDDE90432B6
:10BE6800CCE9003206B080BDF0B503AF2DE9000B78
:10BE7800D7E902E8BEF1000F72D0B8F1000F6FD118
:10BE8800002B00F0FC80734580F00781B3FA83F142
:10BE9800BEFA8EF6711A01F1200608BF1F26C6F1F8
:10BEA800200508FA06F10EFA06F82EFA05F52943D8
:10BEB800B6F1200506F01F0658BF0EFA05F14FF03F
:10BEC800010505FA06FC4FF0000558BF4FF00008C1
:10BED80008E0224633464FEA181444EA01784FEA4C
:10BEE8001C1C0909B2EB080463EB0106002E03D4FD
:10BEF80045EA0C0502D12DE014461E465FEA5103BF
:10BF08004FEA3802A21A66EB0303002B04D445EA71
:10BF18005C05144602D11DE0224633464FEA9804D8
:10BF280044EA8174141B63EB9106002E03D445EA9E
:10BF38009C0502D10EE014461E464FEAD80242EA9A
:10BF48004172A21A66EBD103002BC2D445EADC0584
:10BF58001446C0D1B4FBFEF101FB1E46294392E012
:10BF6800B2EB0E064FF0000173EB08067CD3002BF2
:10BF78007AD0B3FA83F1B8FA88F6711A01F03F065D
:10BF880001F01F01C6F1200408FA06F50EFA06FCB6
:10BF98002EFA04F42C43B6F1200558BF0EFA05F426
:10BFA8004FF0010505FA01F94FF0000158BF4FF0B5
:10BFB800000C08E032462B464FEA1C1646EA047C81
:10BFC8004FEA19192409B2EB0C0673EB040507D4E0
:10BFD80041EA0901B6EB0E0275EB080202D23AE01B
:10BFE80016461D465FEA54034FEA3C02B21A75EB47
:10BFF800030309D4B2EB0E0541EA590173EB0805B6
:10C0080016461D4602D226E032462B464FEA9C05CC
:10C0180045EA8475561B63EB9405002D07D441EA65
:10C028009901B6EB0E0275EB080202D213E0164630
:10C038001D464FEADC0242EA4472B21A65EBD403A9
:10C04800002BB7D4B2EB0E0541EAD90173EB080512
:10C0580016461D46B0D24FF0000CC0E9001CC0E9DE
:10C068000265BDE8000BF0BD4FF0000C16461D46FA
:10C07800C0E9001CC0E90265BDE8000BF0BDB2FBD9
:10C08800FEF101FB1E264FF0000C0025C0E9001C44
:10C09800C0E90265BDE8000BF0BD0DD1B2FBF3F1BC
:10C0A800002501FB13264FF0010CC0E9001CC0E974
:10C0B8000265BDE8000BF0BDB3FBFEFCBEF5803F9A
:10C0C8000CFB1E351AD22904002541EA1241B1FBA6
:10C0D800FEF303FB0EF14CEA134CC1EB1241C2EA2A
:10C0E8000141B1FBFEF202FB1E1642EA0341C0E920
:10C0F800001CC0E90265BDE8000BF0BDB2EB0E0103
:10C1080075EB080108D200211646C0E9001CC0E9F9
:10C118000265BDE8000BF0BD4FEAC87141EA5E0355
:10C128004FEACE794FF00048002108E02246354614
:10C138004FEA191444EA03794FEA18181B09B2EBBD
:10C14800090465EB0306002E03D441EA080102D175
:10C158002DE014462E465FEA53054FEA3902A21A2B
:10C1680066EB0505002D04D441EA5801144602D1B6
:10C178001DE0224635464FEA990444EA8374141BAD
:10C1880065EB9306002E03D441EA980102D10EE034
:10C1980014462E464FEAD90242EA4372A21A66EBC7
:10C1A800D305002DC2D441EAD8011446C0D1B4FB4E
:10C1B800FEF2002502FB1E461143C0E9001CC0E93F
:10C1C8000265BDE8000BF0BD70460421084203D1AA
:10C1D800EFF3088000F004B8EFF3098000F000B82E
:08C1E80080B56F46FEE7000080
:10C1F0002F55736572732F726F62696E6C616B6518
:10C200002F2E636172676F2F72656769737472791D
:10C210002F7372632F696E6465782E637261746523
:10C22000732E696F2D313934396366386336623560
:10C2300062353537662F696D7872742D7573626457
:10C240002D302E322E322F7372632F72616C2E724C
:10C250007300C0023A20C0002F55736572732F72AD
:10C260006F62696E6C616B652F2E636172676F2FF1
:10C2700072656769737472792F7372632F696E6464
:10C2800065782E6372617465732E696F2D31393450
:10C29000396366386336623562353537662F696DC6
:10C2A0007872742D68616C2D302E352E31322F73DB
:10C2B00072632F636869702F696D7872743130789A
:10C2C000782F63636D2F616E616C6F672E727300E0
:10C2D0006372617465732F6669726D776172652F21
:10C2E0007372632F6D61696E2E7273002F557365C3
:10C2F00072732F726F62696E6C616B652F2E636152
:10C3000072676F2F72656769737472792F737263C6
:10C310002F696E6465782E6372617465732E696F20
:10C320002D313934396366386336623562353537D5
:10C33000662F696D7872742D68616C2D302E352EE4
:10C3400031322F7372632F636869702F696D787251
:10C3500074313078782F74656D706D6F6E2E7273D6
:10C36000002F55736572732F726F62696E6C616B0B
:10C37000652F2E636172676F2F72656769737472C0
:10C38000792F7372632F696E6465782E637261749E
:10C3900065732E696F2D31393439636638633662BF
:10C3A0003562353537662F7573622D64657669633E
:10C3B000652D302E322E392F7372632F64657363AF
:10C3C000726970746F722E727300015BC00120C0BD
:10C3D000035D3A20C0020D0A002F55736572732F5A
:10C3E000726F62696E6C616B652F2E636172676F2D
:10C3F0002F72656769737472792F7372632F696E18
:10C400006465782E6372617465732E696F2D31399E
:10C4100034396366386336623562353537662F7472
:10C4200065656E7379342D70616E69632D302E32BF
:10C430002E332F7372632F6C69622E7273002F5527
:10C44000736572732F726F62696E6C616B652F2EEC
:10C45000636172676F2F72656769737472792F7386
:10C4600072632F696E6465782E6372617465732ED2
:10C47000696F2D3139343963663863366235623518
:10C480003537662F7465656E7379342D6273702D40
:10C49000302E352E322F7372632F626F6172642ECD
:10C4A000727300C0002F72757374632F346134652A
:10C4B0006634393365336131343838633665333245
:10C4C00031353730323338303834623338393438F4
:10C4D000663664622F6C6962726172792F636F7263
:10C4E000652F7372632F666D742F6E756D2E727368
:10C4F0000016736C69636520696E646578207374D7
:10C500006172747320617420C00D2062757420659F
:10C510006E647320617420C00020696E64657820A9
:10C520006F7574206F6620626F756E64733A207445
:10C530006865206C656E20697320C0122062757476
:10C540002074686520696E64657820697320C00076
:10C550002F55736572732F726F62696E6C616B65B4
:10C560002F2E636172676F2F7265676973747279BA
:10C570002F7372632F696E6465782E6372617465C0
:10C58000732E696F2D3139343963663863366235FD
:10C5900062353537662F7573622D6465766963651C
:10C5A0002D302E322E392F7372632F636F6E74729B
:10C5B0006F6C5F706970652E7273002F55736572B2
:10C5C000732F726F62696E6C616B652F2E6361727F
:10C5D000676F2F72656769737472792F7372632F37
:10C5E000696E6465782E6372617465732E696F2D50
:10C5F00031393439636638633662356235353766CA
:10C600002F696D7872742D6C6F672D302E312E323C
:10C610002F7372632F6C6F672F66726F6E74656E07
:10C62000642E72730002002F55736572732F726F40
:10C6300062696E6C616B652F2E636172676F2F721A
:10C64000656769737472792F7372632F696E64659D
:10C65000782E6372617465732E696F2D31393439A8
:10C660006366386336623562353537662F757362B7
:10C670002D6465766963652D302E322E392F7372E5
:10C68000632F6465766963652E7273001072616E44
:10C69000676520656E6420696E64657820C022201D
:10C6A0006F7574206F662072616E676520666F72A9
:10C6B00020736C696365206F66206C656E677468B3
:10C6C00020C0003D696E7465726E616C2065727287
:10C6D0006F723A20656E746572656420756E72655E
:10C6E00061636861626C6520636F64653A20454EE2
:10C6F0004450544354524C20726567697374657298
:10C7000020C00E20646F65736E277420657869738E
:10C7100074002F55736572732F726F62696E6C614E
:10C720006B652F2E636172676F2F72656769737413
:10C7300072792F7372632F696E6465782E637261EC
:10C740007465732E696F2D313934396366386336F9
:10C75000623562353537662F696D7872742D646D78
:10C76000612D302E312E312F7372632F6368616E0D
:10C770006E656C2E7273001272616E676520737441
:10C7800061727420696E64657820C022206F7574B0
:10C79000206F662072616E676520666F7220736C11
:10C7A000696365206F66206C656E67746820C000E1
:10C7B0002F55736572732F726F62696E6C616B6552
:10C7C0002F2E636172676F2F726567697374727958
:10C7D0002F7372632F696E6465782E63726174655E
:10C7E000732E696F2D31393439636638633662359B
:10C7F00062353537662F7573622D646576696365BA
:10C800002D302E322E392F7372632F656E64706F48
:10C81000696E742E7273002F55736572732F726F69
:10C8200062696E6C616B652F2E636172676F2F7228
:10C83000656769737472792F7372632F696E6465AB
:10C84000782E6372617465732E696F2D31393439B6
:10C850006366386336623562353537662F757362C5
:10C860002D6465766963652D302E322E392F7372F3
:10C87000632F6275732E7273002F55736572732F59
:10C88000726F62696E6C616B652F2E636172676F88
:10C890002F72656769737472792F7372632F696E73
:10C8A0006465782E6372617465732E696F2D3139FA
:10C8B00034396366386336623562353537662F69D9
:10C8C0006D7872742D757362642D302E322E322F76
:10C8D0007372632F6275732E7273002F55736572B6
:10C8E000732F726F62696E6C616B652F2E6361725C
:10C8F000676F2F72656769737472792F7372632F14
:10C90000696E6465782E6372617465732E696F2D2C
:10C9100031393439636638633662356235353766A6
:10C920002F696D7872742D757362642D302E322EDE
:10C93000322F7372632F6472697665722E72730080
:10C940002F55736572732F726F62696E6C616B65C0
:10C950002F2E636172676F2F7265676973747279C6
:10C960002F7372632F696E6465782E6372617465CC
:10C97000732E696F2D313934396366386336623509
:10C9800062353537662F696D7872742D7573626400
:10C990002D302E322E322F7372632F7374617465B3
:10C9A0002E727300C0013AC0013AC00089062020EF
:10C9B00061000000F30000001F000000456E64707D
:10C9C0006F696E7420737461746520616C72656147
:10C9D00064792061737369676E656400EB062020DB
:10C9E00064000000540000002E0000006661696CC5
:10C9F000656420746F20616C6C6F6320636F6E746C
:10CA0000726F6C20656E64706F696E740A0000004E
:10CA10000A0000000E0000001000000016000000D8
:10CA20000F0000000B0000000C000000456E647059
:10CA30006F696E74206D656D6F727920616C7265BF
:10CA40006164792061737369676E656452656643DA
:10CA5000656C6C20616C7265616479206D757461C0
:10CA6000626C7920626F72726F77656401080104ED
:10CA7000050304080409040A040B010D000F020D4C
:10CA80000306010F0606050F050E0600EB06202023
:10CA9000640000005A000000120000002706202059
:10CAA00061000000DE0000000E00000027062020CC
:10CAB00061000000B40000002400000027062020D0
:10CAC00061000000AE0000001200000027062020D8
:10CAD00061000000AB0000002000000027062020BD
:10CAE00061000000C20000002400000000000000FF
:10CAF0000100000001000000650A0000370420204A
:10CB0000640000005B0000000E00000037042020DD
:10CB100064000000520000000E000000616C6C6FA9
:10CB2000635F6570206661696C656400270620207C
:10CB300061000000040100000E0000002706202014
:10CB400061000000160100000E0000006C697474A2
:10CB50006C652D73796E746820626F6F74696E678F
:10CB60006C6974746C655F73796E74685F66697202
:10CB70006D77617265000000000000000C0000008D
:10CB8000040000008F0A0000555342206C6F676755
:10CB9000657220696E6974206661696C6564000065
:10CBA000E00020201B0000002A0000000A00000016
:10CBB000E00020201B0000002D00000020000000ED
:10CBC000E00020201B0000001D00000030000000DD
:10CBD000576F756C64426C6F636B5061727365451F
:10CBE00072726F724275666665724F766572666CB8
:10CBF0006F770000456E64706F696E744F76657272
:10CC0000666C6F7703000000040000000400000061
:10CC100006000000050C000E0006010C03010303D2
:10CC2000050D0607456E64706F696E744D656D6F16
:10CC300072794F766572666C6F77496E76616C6952
:10CC400064456E64706F696E74556E737570706F45
:10CC500072746564496E76616C696453746174655D
:10CC60006C6F6767657220616C72656164792073AF
:10CC70006574696D7872742D6C6F6700E00920200F
:10CC8000EA092020F4092020040A2020340A202068
:10CC90004A0A2020590A2020640A202071012020FD
:10CCA00068000000650000000900000071012020FC
:10CCB00068000000660000000900000071012020EB
:10CCC000680000005D0000002500000071012020C8
:10CCD000680000003B0100001B00000060032020F2
:10CCE0006A00000085000000410000006003202071
:10CCF0006A0000004F0000003100000060032020A7
:10CD00006A000000CF000000330000006003202014
:10CD10006A0000003E00000012000000890620208A
:10CD200061000000F30000001F000000556E6B6EF4
:10CD30006F776E207374617465206265666F7265CB
:10CD40002073757370656E643704202064000000E2
:10CD5000B00000001A00000055736242757320692C
:10CD60006E697469616C697A6174696F6E206E6F47
:10CD70007420636F6D706C6574650000C0052020C1
:10CD800066000000510000000D00000000000000DF
:10CD90003000000004000000D7280000FD1A000049
:10CDA000EF1A0000071F0000051B0000BB27000052
:10CDB000FF260000F71A0000F71A0000F71A00001B
:10CDC00000000000040000000400000071250000C5
:10CDD0009524000059250000CB03202069000000A5
:10CDE00032000000210000000010010000000000DF
:10CDF000100000000400000089260000C325000088
:10CE0000832600007465656E7379345F70616E69A6
:10CE1000634F46464552524F5200000000494E466D
:10CE20004F5741524E4445425547545241434500A5
:10CE3000210C202003000000240C2020050000000D
:10CE4000310C2020040000002D0C202004000000E4
:10CE5000350C2020050000003A0C202005000000C1
:10CE60000000000000000000010000001D2C000078
:10CE7000112C0000172C00004649464F2074696DA4
:10CE8000656F75744649464F2066756C6C000000EE
:10CE900083F9A200444E6E00FC291500D1572700EB
:10CEA000DD34F50062DBC0003C9995004190430001
:10CEB0006351FE00BBDEAB00B761C5003A6E2400D3
:10CEC000D24D42004906E00009EA2E001C92D10032
:10CED000EB1DFE0029B11C00E83EA700F5358200DD
:10CEE00044BB2E009CE98400B4267000417E5F00A4
:10CEF000D6913900538339009CF439008B5F84004C
:10CF000028F9BD00F81F3B00DEFF97000F980500D1
:10CF1000112FEF000A5A8B006D1F6D00CF7E360077
:10CF200009CB2700464FB7009E663F002DEA5F0001
:10CF3000BA277500E5EBC7003D7BF100F739070024
:10CF400092528A00FB6BEA001FB15F00085D8D0002
:10CF5000300356007BFC4600F0AB6B0020BCCF00DA
:10CF600036F49A00E3A91D005E619100081BE600FB
:10CF700085996500A0145F008D40680080D8FF008F
:10CF800027734D0006063100CA561500C9A8730064
:10CF90007BE260006B8CC00000000040FB21F93F89
:10CFA000000000002D44743E000000809846F83CCC
:10CFB0000000006051CC783B00000080831BF039FA
:10CFC0000000004020257A38000000802282E336ED
:10CFD000000000001DF36935020302040205060C7F
:10CFE00001000101010201030106010A000C010B0D
:10CFF000000D0106010A000C010B000D010D000FD0
:10D00000020D030606000503050F050E02030205C7
:10D0100001000101010201030303010C000E0006DF
:10D020000607050C050D030104080409040A040B96
:10D030000501030007060108010406060509050AA3
:10D04000050B617373657274696F6E206661696C3C
:10D0500065643A202154414B454E2E737761702808
:10D06000747275652C204F72646572696E673A3A06
:10D0700053657143737429004E0220206400000040
:10D08000B100000005000000FC002020740000003A
:10D09000A000000016000000417564696F20504C2C
:10D0A0004C20646976696465722073656C6563748D
:10D0B000696F6E206D75737420626520696E2072D1
:10D0C000616E67652066726F6D20323720746F2045
:10D0D000353420696E636C7573697665680020204D
:10D0E000770000007700000009000000504C4C2041
:10D0F0007265717569726573206E756D65726174A4
:10D100006F72206265206C657373207468616E2095
:10D110007468652064656E6F6D696E61746F72000E
:10D1200068002020770000007B000000090000005C
:10D130006800202077000000660000000F0000005B
:10D140004D6178696D756D20504C4C34206F75744D
:10D150007075742072616E67652069732066726FE6
:10D160006D203635304D487A20746F20312E33478C
:10D17000487A00006800202077000000800000004E
:10D180000900000000000000000000000100000095
:10D190000100000001000000000010000000080075
:10D1A0000000100000000800000000008906202098
:10D1B00061000000F30000001F000000890620202D
:10D1C00061000000E50000001B000000EB062020CD
:10D1D00064000000CC00000047000000EB062020A7
:10D1E00064000000680100000E000000EB06202033
:10D1F00064000000F400000045000000EB06202061
:10D20000640000000201000047000000EB0620203F
:10D2100064000000520100000E000000EB06202018
:10D22000640000001201000037000000EB0620201F
:10D23000640000004001000037000000EB062020E1
:10D24000640000002B0100003700000000002020D7
:10D25000610000002500000016000000500720209B
:10D26000630000000701000021000000500720209B
:10D27000630000000E010000210000005007202084
:10D2800063000000CD0000002100000050072020B6
:10D2900063000000BB0000001D00000071012020A1
:10D2A00068000000650000000900000071012020F6
:10D2B00068000000660000000900000071012020E5
:10D2C000680000005D0000002500000071012020C2
:10D2D00068000000040100001F0000007101202010
:10D2E00068000000A3000000110000007101202070
:10D2F00068000000580100000900000071012020B2
:10D3000068000000590100000900000071012020A0
:10D31000680000006201000015000000710120207B
:10D3200068000000930100001B0000007101202034
:10D33000680000009E01000009000000710120202B
:10D34000680000009F01000009000000710120201A
:10D3500068000000A0010000090000007101202009
:10D3600068000000A30100001800000071012020E7
:10D3700068000000AC010000180000002205202019
:10D3800064000000670000000A0000003030303107
:10D390003032303330343035303630373038303961
:10D3A0003130313131323133313431353136313759
:10D3B000313831393230323132323233323432353F
:10D3C0003236323732383239333033313332333325
:10D3D000333433353336333733383339343034310B
:10D3E00034323433343434353436343734383439F1
:10D3F00035303531353235333534353535363537E9
:10D4000035383539363036313632363336343635CE
:10D4100036363637363836393730373137323733B4
:10D42000373437353736373737383739383038319A
:10D430003832383338343835383638373838383980
:10D440003930393139323933393439353936393778
:10D4500039383939B50220204B0000005E02000047
:10D460000500000063616C6C656420604F70746936
:10D470006F6E3A3A756E77726170282960206F6E10
:10D48000206120604E6F6E65602076616C7565610D
:10D490007474656D707420746F2064697669646556
:10D4A000206279207A65726F52656643656C6C20E4
:10D4B000616C726561647920626F72726F77656406
:10D4C00070616E69636B6564206174203A0A0000C4
:10D4D0000100000001000000700C2020000000008E
:10D4E000000000000000000000000000000000003C
:10D4F000000000000000000000000000000000002C
:10D50000000000000000000000000000000000001B
:10D51000000000000000000000000000000000000B
:10D5200000000000000000000000000000000000FB
:10D5300000000000000000000000000000000000EB
:10D5400000000000000000000000000000000000DB
:10D5500000000000000000000000000000000000CB
:10D5600000000000000000000000000000000000BB
:10D5700000000000000000000000000000000000AB
:10D58000000000000000000000000000000000009B
:10D59000000000000000000000000000000000008B
:10D5A000000000000000000000000000000000007B
:10D5B000000000000000000000000000000000006B
:10D5C000000000000000000000000000000000005B
:10D5D000000000000000000000000000000000004B
:10D5E000000000000000000000000000000000003B
:10D5F000000000000000000000000000000000002B
:10D60000000000000000000000000000000000001A
:10D61000000000000000000000000000000000000A
:10D6200000000000000000000000000000000000FA
:10D6300000000000000000000000000000000000EA
:10D6400000000000000000000000000000000000DA
:10D6500000000000000000000000000000800E40FC
:04D6600000C00E40B8
:040000056000103156
:00000001FF
